tweetDate,content,twitterProfile,tweetUrl,timestamp,query
Sat Sep 16 01:21:40 +0000 2017,The #g0v hackathon is so cooool. Stickers to indicate what you know. Real time translation in English and native Taiwanese. #civictechfest https://t.co/RPXy18eZmo,https://twitter.com/itsmisscs,https://twitter.com/itsmisscs/status/908863420782436357,2019-12-28T00:49:28.895Z,#g0v
Sat Oct 06 08:18:28 +0000 2018,Here's @C_Mabi's helpful mapping of civic tech: https://t.co/BoQQKGQ3WK #g0vsummit https://t.co/f2uoaamScr,https://twitter.com/mstem,https://twitter.com/mstem/status/1048487640981364736,2019-12-28T00:49:28.895Z,#g0v
Fri Feb 21 14:50:21 +0000 2014,100 people at #codeacross Taipei in 10 hours! http://t.co/ErnG6A7kuw #odd2014 #opengov #opendata #taiwan #g0v,https://twitter.com/g0vtw,https://twitter.com/g0vtw/status/436875546664792065,2019-12-28T00:49:28.895Z,#g0v
Wed Sep 20 06:20:42 +0000 2017,Lovely opportunity to talk with Mg Lee this morning about her #g0v research. Plus a random run in w/someone that was in the occupation https://t.co/76aaR0TTEq,https://twitter.com/talktonyc,https://twitter.com/talktonyc/status/910388228624048128,2019-12-28T00:49:28.895Z,#g0v
Fri Sep 15 07:09:23 +0000 2017,#g0v hackathon on the way! Come hack with us tomorrow. #civictechfest https://t.co/bWGye61ZTn,https://twitter.com/ipa,https://twitter.com/ipa/status/908588541734641664,2019-12-28T00:49:28.895Z,#g0v
Fri Aug 23 07:10:11 +0000 2019,g0v Open Taipei City Council hackath36n on SEP 07. See you soon! Link: https://t.co/yztR2pm5jI #g0v #hackathon #g0vjothon https://t.co/9VqMn9Gpl8,https://twitter.com/g0vtw,https://twitter.com/g0vtw/status/1164796961561575425,2019-12-28T00:49:28.895Z,#g0v
Sat Aug 09 16:32:36 +0000 2014,We scraped 30 major hospitals and built live ER board for Taiwan with @InfluxDB and @grafana : http://t.co/RjA4nRqcj0 #g0v,https://twitter.com/clkao,https://twitter.com/clkao/status/498144828379516928,2019-12-28T00:49:28.895Z,#g0v
Sat Jan 21 12:45:24 +0000 2017,Open isn't a natural attribute of power. It's hard to achieve and so easy to remove. Just like that. #g0v.news https://t.co/w1ADwZniu4,https://twitter.com/TTCATz,https://twitter.com/TTCATz/status/822787177956290560,2019-12-28T00:49:28.895Z,#g0v
Sun Oct 16 05:19:51 +0000 2016,Citizen engagement via 'tofu' â€“ bite-sized tasks. ğŸ‘Œ#taiwan #g0v https://t.co/lTcdEhwoVG,https://twitter.com/j_kloiber,https://twitter.com/j_kloiber/status/787523427431133184,2019-12-28T00:49:28.895Z,#g0v
Sat Mar 09 14:23:59 +0000 2019,"Workshop for Designing Open Legislation Platform in Japan, thank you TOKYO!!!!
#ã¨ã‚‚ã«è€ƒãˆã¨ã‚‚ã«ã¤ãã‚‹
#codeforjapan
#pinka
#g0v
#CfAllexchange https://t.co/6GD4cJQN7v",https://twitter.com/v_taiwan,https://twitter.com/v_taiwan/status/1104387360404340736,2019-12-28T00:49:28.895Z,#g0v
Thu Dec 20 11:22:24 +0000 2018,"Interesting piece on @audreyt #Taiwan's (digital) reforms, #g0v and how to rethink power and participation -- https://t.co/Poz4h8F1H3",https://twitter.com/_cberger_,https://twitter.com/_cberger_/status/1075713019169202177,2019-12-28T00:49:28.895Z,#g0v
Thu Sep 24 14:41:29 +0000 2015,MoeDict: Crowd Lexicography #g0v #moedict http://t.co/00NgK365IU at #OxfordGL,https://twitter.com/audreyt,https://twitter.com/audreyt/status/647058274412589056,2019-12-28T00:49:28.895Z,#g0v
Mon May 06 08:52:24 +0000 2019,Join us for the next g0v's hackathon on May 25. Register here: https://t.co/R4nM9Almd6 Can you guess where are we host the hackathon this time? #g0v #ReOpen #culture https://t.co/Sb9XQGhU3X,https://twitter.com/g0vtw,https://twitter.com/g0vtw/status/1125322411308605441,2019-12-28T00:49:28.895Z,#g0v
Thu Jun 07 19:38:48 +0000 2018,#pdf18 my first pdf!  #g0v https://t.co/z8pE0Kowim,https://twitter.com/ipa,https://twitter.com/ipa/status/1004809921790128128,2019-12-28T00:49:28.896Z,#g0v
Fri Sep 15 10:33:39 +0000 2017,One last day! See you tomorrow on the #g0v 5th anniversary hackathon! #CivicTechFest https://t.co/A7vrrKuYA0,https://twitter.com/TTCATz,https://twitter.com/TTCATz/status/908639945748733952,2019-12-28T00:49:28.896Z,#g0v
Mon Oct 08 00:52:14 +0000 2018,"We need to look at power even when we ourselves do not want power. We need mappers, researchers, journalists to begin to clarify, classify, and raise questions critically in a culture of doing. #g0v #nobody #g0vSummit https://t.co/cnNgZmAojV",https://twitter.com/chihaoyo,https://twitter.com/chihaoyo/status/1049100119365189632,2019-12-28T00:49:28.896Z,#g0v
Wed May 29 08:55:55 +0000 2019,"g0v-intl co-working with Toyo-san from Okinawa preparing for Facing the Ocean Hack&amp;Meet happening next week in Okinawa organized by civic hacking communities from Taiwan, Japan, Korea. #g0v https://t.co/EDz8rCf2Pl",https://twitter.com/ipa,https://twitter.com/ipa/status/1133658213847404544,2019-12-28T00:49:28.896Z,#g0v
Wed Apr 24 08:59:18 +0000 2019,"Meet us civic hackers from Japan, Korea, and Taiwan in Okinawa City at Jun 8-9! #meetandhack19 #g0v #codeforjapan @parti_coop https://t.co/i550Pe6w4O",https://twitter.com/g0vtw,https://twitter.com/g0vtw/status/1120975491442204672,2019-12-28T00:49:28.896Z,#g0v
Sat Oct 06 03:32:05 +0000 2018,"Other than those amazing projects from global civic tech community, let's make nobody spirit of #g0v as a norm.",https://twitter.com/TTCATz,https://twitter.com/TTCATz/status/1048415572063481856,2019-12-28T00:49:28.896Z,#g0v
Sun May 13 07:37:50 +0000 2018,"In 2014, revolutionary #hackers occupied #Taiwan's parliament and forced the government to reverse a deal with China 

In 2016, those hackers became the #government 

Now they are revamping #democracy

#g0v #OpenGov #vTaiwan #CivicTech #DigitalDemocracy
https://t.co/5q7HxhlANE",https://twitter.com/alexisroig,https://twitter.com/alexisroig/status/995568789017317376,2019-12-28T00:49:28.896Z,#g0v
Fri Mar 21 16:20:35 +0000 2014,"#CongressOccupied - Taiwan. (Credit https://t.co/gwRBZSN1Ks) 
@audreyt @clkao &amp; others in #g0v thank you all so much. http://t.co/xHOQIzS5SY",https://twitter.com/muanchiou,https://twitter.com/muanchiou/status/447045113823240192,2019-12-28T00:49:28.896Z,#g0v
Sun Jul 01 10:11:07 +0000 2018,"On my way to meet @augama for dinner to kick off the #Asia #Blockchain summit -- here in #Taiwan to discuss #computationallaw #computationalregulation and connect with #governance aficionados, #legalhackers, #g0v mavens, #opensource culture creators, and #ethicaltech architects. https://t.co/IxMyIw3amk",https://twitter.com/lai,https://twitter.com/lai/status/1013364368224878592,2019-12-28T00:49:28.896Z,#g0v
Mon Jul 09 16:48:49 +0000 2018,COME!!! Iâ€™m running a workshop with @lizbarry on behalf of #vNetwork. Weâ€™re looking at #g0v #vTaiwan #PO tools and methods and how they can lead to empathetic citizen-led decision making. https://t.co/SqthdgK50A,https://twitter.com/itsmisscs,https://twitter.com/itsmisscs/status/1016363555581333504,2019-12-28T00:49:28.896Z,#g0v
Wed Jul 05 16:53:30 +0000 2017,"Very interesting #g0v Manifesto in #Taiwan Transparency of information, #OpenData, Liquid democracy https://t.co/5fiuz9VZpT cc @audreyt",https://twitter.com/franersees,https://twitter.com/franersees/status/882643611602563072,2019-12-28T00:49:28.896Z,#g0v
Tue Sep 02 11:09:47 +0000 2014,"My #yapcramen at éºµå±‹æ­¦è—, and I some perlbrew release progress.  My nominations: #g0v folks @clkao @ETBlue  @audreyt http://t.co/rolm3wrelo",https://twitter.com/gugod,https://twitter.com/gugod/status/506760897193185280,2019-12-28T00:49:28.896Z,#g0v
Thu Nov 08 13:47:15 +0000 2018,"Unsurprisingly, this second #FWD50 breakfast is about city-level #CivicTech (including @yowcivictech). Wonder if it fits in #Estonia, @MTL_Ville, #g0v/#vTaiwan. #AllPoliticsAreLocal #ThinkGlocal https://t.co/ztBK1BnDD7",https://twitter.com/enkerli,https://twitter.com/enkerli/status/1060529183707881472,2019-12-28T00:49:28.896Z,#g0v
Fri Dec 09 17:37:58 +0000 2016,#g0v at Paris city hall @TTCATz @clkao #OGP16 https://t.co/3i1HDK2jvc,https://twitter.com/klaikong,https://twitter.com/klaikong/status/807278125767720960,2019-12-28T00:49:28.896Z,#g0v
Fri Aug 25 18:33:03 +0000 2017,Weâ€™re incredibly excited for the opportunity to attend #CivicTechFest in Taipei next month. Weâ€™re very inspired by #vTaiwan #g0v,https://twitter.com/talktonyc,https://twitter.com/talktonyc/status/901150445980319744,2019-12-28T00:49:28.896Z,#g0v
Sat Nov 08 01:23:09 +0000 2014,Did we make any change? After 2-years running #g0v from @clkao in opening of g0v summit 2014 http://t.co/Qfr2DEWuzM,https://twitter.com/dongpo,https://twitter.com/dongpo/status/530893253034250240,2019-12-28T00:49:28.896Z,#g0v
Mon Mar 23 14:13:55 +0000 2015,"#Japan tooks a very long time to realise decline of fertility wasn't temporary
http://t.co/BNej0ojG6h http://t.co/HVPQik3GCc #g0v #taiwan",https://twitter.com/Hugo_Lz,https://twitter.com/Hugo_Lz/status/580009583512580096,2019-12-28T00:49:28.896Z,#g0v
Mon Sep 21 10:24:37 +0000 2015,"""Out of frustration at govâ€™s lack of transparency, in 1y we made these contr..."" http://t.co/3Lbqf3GuAv @cedricnehemie @guillaume20100 #g0v",https://twitter.com/Hugo_Lz,https://twitter.com/Hugo_Lz/status/645906469183954944,2019-12-28T00:49:28.896Z,#g0v
Wed Apr 27 13:06:11 +0000 2016,#Sunflower #Taiwan @audreyt's readable account of #g0v engaging millions of citizens through open source platforms https://t.co/pvPOlQfREm,https://twitter.com/lizbarry,https://twitter.com/lizbarry/status/725310073589878785,2019-12-28T00:49:28.896Z,#g0v
Wed Jun 20 00:13:28 +0000 2018,Check out this week's #CivicTechNews digest for June 19! This week: Algorithms of oppression in New Zealand and Singapore #civictech #g0v https://t.co/rtLmUVVp7X,https://twitter.com/ocflab,https://twitter.com/ocflab/status/1009227697740972033,2019-12-28T00:49:28.896Z,#g0v
Tue Feb 13 01:06:20 +0000 2018,"Here's a roundup of civic tech news for the week of Feb 12th. Good stuff in here, I promise! #civictech #g0v https://t.co/hGbSTQro1A",https://twitter.com/aaronwytze,https://twitter.com/aaronwytze/status/963217745503399936,2019-12-28T00:49:28.896Z,#g0v
Sat Sep 16 03:46:02 +0000 2017,An adventure in land of livescript is about to begin #g0v #civictechfest,https://twitter.com/itsmisscs,https://twitter.com/itsmisscs/status/908899755517911040,2019-12-28T00:49:28.896Z,#g0v
Thu Nov 08 15:23:54 +0000 2018,.@audreyt shares examples of radically transparent open government projects on https://t.co/jBFwzZL70S #g0v #FWD50 https://t.co/KmYOEQJhlI,https://twitter.com/calesbrock,https://twitter.com/calesbrock/status/1060553504169709569,2019-12-28T00:49:28.896Z,#g0v
Mon Nov 05 04:32:31 +0000 2018,"We are here, and new projects info.
#OGPAsiaPac #g0v https://t.co/IOPQ755xdI",https://twitter.com/yutin1987,https://twitter.com/yutin1987/status/1059302417118851072,2019-12-28T00:49:28.896Z,#g0v
Fri Jun 03 02:26:17 +0000 2016,Very interesting talk by @audreyt on reinventing democracy #g0v #vtaiwan #pycontw2016 https://t.co/nNvYDgeMWc,https://twitter.com/ronhuang,https://twitter.com/ronhuang/status/738557386596589569,2019-12-28T00:49:28.896Z,#g0v
Fri May 06 17:57:39 +0000 2016,"https://t.co/eO8h0WQhEd Pilot has been running in Bratislava, Slovakia with 50 bikes and 20+ stands since 01/2014. #g0v #BetaNYC",https://twitter.com/lizbarry,https://twitter.com/lizbarry/status/728644913831809024,2019-12-28T00:49:28.896Z,#g0v
Tue Mar 17 02:19:15 +0000 2015,"@clkao I just met a guy from Taiwan, everybody loves #g0v !",https://twitter.com/maugsburger,https://twitter.com/maugsburger/status/577655406849306624,2019-12-28T00:49:28.896Z,#g0v
Fri May 31 22:31:08 +0000 2019,"""I hope that you will use your freedom to fight for our freedom"" - 'Bear', anonymous Chinese activist at G0v Summit 2018. #decolonizeCfA #decolonizeCivicTech @Arodalv #CfASummit",https://twitter.com/BeeckCenter,https://twitter.com/BeeckCenter/status/1134588147235315713,2019-12-28T00:49:28.896Z,#g0v
Sun May 21 20:56:53 +0000 2017,"@colinmegill @patconnolly @g0vtw @mckinneyjames @theo_bass @clkao Here's a concise chronicle of #g0v in 2012 &amp; 2013 written by the ""nobodies"" of @g0vtw themselves: https://t.co/PA7bBMVJBM",https://twitter.com/lizbarry,https://twitter.com/lizbarry/status/866397408024027140,2019-12-28T00:49:28.896Z,#g0v
Tue Nov 11 20:37:37 +0000 2014,#g0v - #Taiwan's post #Sunflower Movt effort to boost #OpenGov &amp; #CitizenEngagement w/ #OpenData &amp; #civictech http://t.co/p1ZdQQ9M2I,https://twitter.com/RaphaelShepard,https://twitter.com/RaphaelShepard/status/532270944954638336,2019-12-28T00:49:28.896Z,#g0v
Wed Jan 13 05:58:35 +0000 2016,"This article is amazing.
https://t.co/Cns2ZM64T1 
#learnprogramming #nvc #g0v #pomodoro #inboxzero #python",https://twitter.com/bear_nun,https://twitter.com/bear_nun/status/687151739355566080,2019-12-28T00:49:28.896Z,#g0v
Tue Jul 25 17:38:33 +0000 2017,So stupidly excited about all the good #g0v #vTaiwan hangs this week in NYC! &lt;3 @lizbarry @DevinBalkind @noneck @itsmisscs &amp; Darshana,https://twitter.com/patconnolly,https://twitter.com/patconnolly/status/889902707208736768,2019-12-28T00:49:28.896Z,#g0v
Fri Jul 27 08:55:47 +0000 2018,@ChannelNewsAsia video reporting from the once two months hackathon of g0v community. The g0v hackaton has run more than 31 times ! #taiwan #hackathon #g0v https://t.co/sLDexZM80P,https://twitter.com/ocflab,https://twitter.com/ocflab/status/1022767494279266304,2019-12-28T00:49:28.896Z,#g0v
Tue Jul 03 19:01:02 +0000 2018,"I just published â€œCivic Tech Weekly Jul 3: In Kosovo, Open Data Is a Tool to Deepen Democracyâ€ https://t.co/fdqmvqhV50",https://twitter.com/aaronwytze,https://twitter.com/aaronwytze/status/1014222501495402497,2019-12-28T00:49:28.896Z,#g0v
Wed Nov 06 22:03:55 +0000 2019,"""The purpose of public deliberation... is not efficient government, but educated judgment."" Good stuff in this write-up of https://t.co/BtlzHYodXm in Taiwan! #civicengagement  #g0v https://t.co/bZDdUZsno6",https://twitter.com/afhill,https://twitter.com/afhill/status/1192200969104310273,2019-12-28T00:49:28.896Z,#g0v
Fri Jun 14 09:41:25 +0000 2019,"@edouard_lopez @CollectifGiroll France is creating a ""#Bluehats : hackers for public interest"" community.
This copies the earlier ground breaking #TaiwanğŸ‡¹ğŸ‡¼'s hacktivists-raiders group @g0vtw. Manifesto below ğŸ‘‡ğŸ». #g0v cc: @audreyt @FrancoisTaddei
https://t.co/1S34TJdL4u",https://twitter.com/Hugo_Lz,https://twitter.com/Hugo_Lz/status/1139467869656428544,2019-12-28T00:49:28.896Z,#g0v
Sat Sep 16 01:42:01 +0000 2017,"Follow along in real time https://t.co/a8XZxZFKdP 

#g0v #civictechfest",https://twitter.com/itsmisscs,https://twitter.com/itsmisscs/status/908868543394963456,2019-12-28T00:49:28.896Z,#g0v
Wed Jul 04 21:00:57 +0000 2018,"There are only 23 days until the #FearlessCities North America summit on Jul 27-29 in #NYC! Register now @ https://t.co/ZfraC1qWPW @CooperationJXN
 @NewEconomics @bcnencomu #CiudadesSinMiedo #municipalism #feminizepolitics",https://twitter.com/Fearless_Cities,https://twitter.com/Fearless_Cities/status/1014615067344670727,2019-12-28T00:49:28.896Z,#g0v
Wed Nov 14 12:24:27 +0000 2018,I am so blown away by how amazing @g0vtw's #opensource #sensetw issue mapping tool is...! Way to go @aelcenganda and team! #civictech #g0v https://t.co/zEv3YFMC47,https://twitter.com/patconnolly,https://twitter.com/patconnolly/status/1062682674202963968,2019-12-28T00:49:28.896Z,#g0v
Thu Apr 20 16:53:31 +0000 2017,"#Hackpad will be shut down on July 19th

#SeldonCrisis #g0v",https://twitter.com/AceChen,https://twitter.com/AceChen/status/855102138405572608,2019-12-28T00:49:28.896Z,#g0v
Sat Sep 17 17:09:50 +0000 2016,@ninabreznik Certainly. We are on Freenode IRC too ( #g0v.tw ) and Telegram  https://t.co/ggMn029TOK â€” all mirrored@ https://t.co/haxtuOYEe8,https://twitter.com/audreyt,https://twitter.com/audreyt/status/777192855534235649,2019-12-28T00:49:28.896Z,#g0v
Fri Oct 09 18:32:23 +0000 2015,Super fascinating write-up of how Taiwan's #g0v hackers are using online &amp; real-word engagement to alter policy: http://t.co/fv4fShoTg5,https://twitter.com/lukec,https://twitter.com/lukec/status/652552201768857600,2019-12-28T00:49:28.896Z,#g0v
Tue Jun 19 20:31:22 +0000 2018,Just posted: What vTaiwan Teaches Us About Digital Democracy https://t.co/QWKpe6sqIC #civictech #g0v,https://twitter.com/Mlsif,https://twitter.com/Mlsif/status/1009171805062475776,2019-12-28T00:49:28.896Z,#g0v
Sat Nov 08 15:33:18 +0000 2014,"#Visualization tips by #g0v.tw (read â€˜Gov Zeroâ€™), a civic hacking community in Taiwan: http://t.co/6RGPTfdQad",https://twitter.com/hanteng,https://twitter.com/hanteng/status/531107197485613058,2019-12-28T00:49:28.896Z,#g0v
Tue Feb 13 00:09:33 +0000 2018,"Check out this week's Civic Tech Weekly! This week: Mexicoâ€™s new (but terrible) election signature app, PayPal doesnâ€™t recognize Palestine, and 18F is on a downward spiral #civictech #g0v #opengov https://t.co/uJS0wLY8aH",https://twitter.com/ocflab,https://twitter.com/ocflab/status/963203455350288386,2019-12-28T00:49:28.896Z,#g0v
Wed Sep 14 14:17:16 +0000 2016,And we meet @audreyt again for some demo! Thanks @OpenGovFr @OuiShare_Fr @_TheFamily #Paris #civictech #g0v https://t.co/ZD5gCIZEeJ,https://twitter.com/ValentinChaput,https://twitter.com/ValentinChaput/status/776062263304261632,2019-12-28T00:49:28.896Z,#g0v
Thu Oct 11 09:17:35 +0000 2018,"""Openness is not our lifestyle yet."" @TTCATz #CodeforAll2018 #HeroesOfTech #civictech #g0v",https://twitter.com/MsCatalinaCoca,https://twitter.com/MsCatalinaCoca/status/1050314458273329152,2019-12-28T00:49:28.896Z,#g0v
Wed Nov 28 11:56:47 +0000 2018,"An CSV data about Taiwan referendum results
#OpenData #OpenGov #OpenParliament #g0v

https://t.co/24gYu0wVY2

by Dept. :https://t.co/Ucw8MyrM26
by Vote Station: https://t.co/thkwPXKHUx",https://twitter.com/yutin1987,https://twitter.com/yutin1987/status/1067749142196154370,2019-12-28T00:49:28.896Z,#g0v
Mon Oct 01 11:39:48 +0000 2018,"Helped co-organize a meetup this Friday! Call for fellow journalists in Taiwan!! #g0v meet @jakubgornicki 
https://t.co/vuS8k1OEwy",https://twitter.com/Wenyee_Lee,https://twitter.com/Wenyee_Lee/status/1046726369474797573,2019-12-28T00:49:28.896Z,#g0v
Tue Apr 17 20:34:52 +0000 2018,Thanks for all the replies on #vTaiwan and #g0v! @DevinBalkind @greggish - any other suggestions?,https://twitter.com/npstorey,https://twitter.com/npstorey/status/986342249205256192,2019-12-28T00:49:28.896Z,#g0v
Tue Jan 31 18:27:50 +0000 2017,"Designing the chatbot to check rumors.
#becauseican #rumorbusters #chatbot #g0v #serviceflowâ€¦ https://t.co/3zLovqQ1W9",https://twitter.com/luciendeer,https://twitter.com/luciendeer/status/826497234296504323,2019-12-28T00:49:28.896Z,#g0v
Mon Aug 13 17:36:20 +0000 2018,"This is @patconnolly! He is a wonderful human and a passionate doer of #civictech. He has a fellowship opportunity to bring experience and expertise to the #g0v movement in Taiwan, which is an amazing thing for him and for CivicTech! Help him out if you can! ğŸğŸ¤“ https://t.co/EIe6fSLVpF",https://twitter.com/CaraPhrase,https://twitter.com/CaraPhrase/status/1029059090281099264,2019-12-28T00:49:28.896Z,#g0v
Mon Feb 05 21:01:02 +0000 2018,"I just published â€œCivic Tech Weekly Feb 05: Dear Canadians, Tell Us How Much You Spend on Weedâ€ https://t.co/wYOgRZWxFW",https://twitter.com/ocflab,https://twitter.com/ocflab/status/960619296132124674,2019-12-28T00:49:28.896Z,#g0v
Sun Jun 18 06:46:10 +0000 2017,"Meet #G0v , the Open Source, Transforming #Democracy in #Taiwan 
 https://t.co/tnWKqcnIhm
 ""codes, documents, videos, and images, etc.""",https://twitter.com/schestowitz,https://twitter.com/schestowitz/status/876330176740810753,2019-12-28T00:49:28.896Z,#g0v
Tue Jul 03 22:43:15 +0000 2018,"Check out our first #civictech newsletter for the month of July! With stories about @OpenDataKosovo's amazing open data projects, and coverage of @g0vhk_io's first hackathon. #g0v #opendata https://t.co/WmNj2QhXa1",https://twitter.com/ocflab,https://twitter.com/ocflab/status/1014278424029024256,2019-12-28T00:49:28.896Z,#g0v
Sun Jun 02 06:26:31 +0000 2019,So glad to see #g0v â€˜s influence in #decolonizeCfA #CfASummit https://t.co/znxoFs1F8W,https://twitter.com/aelcenganda,https://twitter.com/aelcenganda/status/1135070169716281344,2019-12-28T00:49:28.896Z,#g0v
Sat Oct 06 15:39:52 +0000 2018,What have we hacked as an open community #g0v? Tomorrow I'm going to share some thoughts after 6 years of organizing hackathons and mobilizing the community in a non-geek way https://t.co/a8rMfdRZjP  #g0vsummit,https://twitter.com/ipa,https://twitter.com/ipa/status/1048598722525839360,2019-12-28T00:49:28.896Z,#g0v
Fri Mar 21 05:23:42 +0000 2014,#CongressOccupied Working w/ civic hackers outside with a #g0v badge https://t.co/mgkf73QMrx  AP towers were enacted https://t.co/DYz56XJEg2,https://twitter.com/audreyt,https://twitter.com/audreyt/status/446879803916824577,2019-12-28T00:49:28.896Z,#g0v
Mon Aug 13 11:21:32 +0000 2018,"Hello, friends! If you appreciate the work I do in the world, particularly related to #civictech, Iâ€™d be so grateful for any donations to help me get to Taiwan -- I have a dream opportunity to research #g0v! https://t.co/3S2ZDg9TrE RTs welcome :)",https://twitter.com/patconnolly,https://twitter.com/patconnolly/status/1028964765614333952,2019-12-28T00:49:28.896Z,#g0v
Mon Dec 10 19:19:55 +0000 2018,"I don't care for #strategy as in, ""we made a bunch of static decisions about the future"". 

But I love #strategicconversations as in, ""lets co-imagine different versions of the future so we have shared language when we make our just-in-time decisions"".",https://twitter.com/RichDecibels,https://twitter.com/RichDecibels/status/1072209313534369792,2019-12-28T00:49:28.896Z,#g0v
Fri Jun 22 09:45:24 +0000 2018,"@schmitologie @PaulaForteza @AssembleeNat @Mau_MejiaG @audreyt @MOFA_Taiwan @CulturalTaiwan @TaiwanPresSPOX 

France's is honored today to received #Taiwan #g0v delegation, a world leading team of hacktivists providing opensource services to #citizens.
You show the way forward.
Thank you #Taiwan. â¤â¤â¤ğŸŒ
@audreyt",https://twitter.com/Hugo_Lz,https://twitter.com/Hugo_Lz/status/1010096405849915392,2019-12-28T00:49:28.896Z,#g0v
Sun May 27 18:51:35 +0000 2018,"#g0v at SFO, #CfA https://t.co/CKQNLOiaHt",https://twitter.com/yutin1987,https://twitter.com/yutin1987/status/1000811771525971969,2019-12-28T00:49:28.896Z,#g0v
Sat Sep 16 06:55:35 +0000 2017,Boxes and boxes of pizza? Must be a hackathon. #g0v #Taiwan https://t.co/Zra4pf3qJF,https://twitter.com/saracita,https://twitter.com/saracita/status/908947454346661888,2019-12-28T00:49:28.896Z,#g0v
Tue Dec 11 10:06:24 +0000 2018,"Yesssss! I hope for this to stay/become a core element of #civictech community-building philosophy, and I feel it's part of what inspires me about @g0vtw #g0v @g0vhk https://t.co/IkhGrh1JzW",https://twitter.com/patconnolly,https://twitter.com/patconnolly/status/1072432405661794305,2019-12-28T00:49:28.896Z,#g0v
Thu Nov 01 02:03:06 +0000 2018,Yay! Anyone who's interested in civic hacking let's talk about organising work in Seoul ğŸ‡¹ğŸ‡¼xğŸ‡°ğŸ‡· #g0v #g0vsummit https://t.co/v8WnvFKxWE,https://twitter.com/pm5,https://twitter.com/pm5/status/1057815261749817344,2019-12-28T00:49:28.896Z,#g0v
Wed May 23 13:58:25 +0000 2018,Shamelessly promoting my colleagues work at gov-zero. #g0v #civictech https://t.co/bgqcEWunm3,https://twitter.com/aaronwytze,https://twitter.com/aaronwytze/status/999288442621235200,2019-12-28T00:49:28.896Z,#g0v
Tue Jun 12 19:05:47 +0000 2018,"i believe that approaches like those crafted by #g0v &amp; #PDIS through #vtaiwan get us closer to effectively addressing that. to disarm &amp; engage is far more preferable than to disregard &amp; antagonize. from divergence, there are paths to convergence and consensus building. #vnetwork",https://twitter.com/cskolding,https://twitter.com/cskolding/status/1006613551052664834,2019-12-28T00:49:28.896Z,#g0v
Wed May 23 13:56:43 +0000 2018,Want to see some amazing civic tech projects created with @g0vtw's prototype fund? Then check out this amazing annual report: #civictech #g0v https://t.co/8HXzpbnBsQ,https://twitter.com/ocflab,https://twitter.com/ocflab/status/999288013904629760,2019-12-28T00:49:28.896Z,#g0v
Thu Oct 31 22:55:05 +0000 2019,"""Change the information structure and you can tweak power."" 

It's great to see mainstream coverage of how tools like #VTaiwan and @UsePolis are being used to build political consensus. 

https://t.co/hcsMnetCdw

#digitalgov #g0v #taiwan #civictech",https://twitter.com/code4ca,https://twitter.com/code4ca/status/1190039515894812672,2019-12-28T00:49:28.896Z,#g0v
Tue Jul 23 16:42:12 +0000 2019,"Hiya tweeps! I'm in #WashingtonDC til Fri/Sat, if anyone wants to grab a coffee/beer (or cowork) &amp; hang out. Current &lt;3s: #civictech &amp; #grassroots #organizing, #techworker #cooperatives, #SidewalkTO #BlockSidewalk, #complexity, #vTaiwan #g0v @g0vtw, #decentralization, #sustainoss",https://twitter.com/patconnolly,https://twitter.com/patconnolly/status/1153706890473463808,2019-12-28T00:49:28.896Z,#g0v
Thu May 21 13:19:07 +0000 2015,@HallieHaller @OpenFoundry1 Thank you! Took a look and will reach out to #g0v.tw,https://twitter.com/OpenSourceOrg,https://twitter.com/OpenSourceOrg/status/601376678246522880,2019-12-28T00:49:28.896Z,#g0v
Fri Jun 09 13:47:53 +0000 2017,".@galeabrewer I've found this to be best tour-de-force #g0v talk. Long, but SO DENSE with info &amp; inspiration https://t.co/LRAQHiV4SQ #PDF17",https://twitter.com/patconnolly,https://twitter.com/patconnolly/status/873174817532518406,2019-12-28T00:49:28.896Z,#g0v
Fri Mar 21 06:15:09 +0000 2014,"#CongressOccupied The Wifi repeater is ready, and the #g0v team is moving on to try reactivating the legislative video-on-demand system.",https://twitter.com/audreyt,https://twitter.com/audreyt/status/446892749757771776,2019-12-28T00:49:28.896Z,#g0v
Tue Apr 17 15:46:19 +0000 2018,"People from other parts of the world are inspired by #vTaiwan and #g0v and are working to bring the techniques home. @lizbarry, @itsmisscs and @dznarayanan started https://t.co/gO6AwxmTk7 and #g0vNYC - who else is spreading these ideas?",https://twitter.com/npstorey,https://twitter.com/npstorey/status/986269636030357505,2019-12-28T00:49:28.896Z,#g0v
Tue May 21 10:16:20 +0000 2019,@perlmutterlabs @JonnyDubowsky one of the great living case studies #vtaiwan #wisedemocracy #openspacegovernment #g0v #govzero https://t.co/iSdDkDhZJj,https://twitter.com/lovevolv,https://twitter.com/lovevolv/status/1130779347743387648,2019-12-28T00:49:28.896Z,#g0v
Sat Feb 24 00:10:32 +0000 2018,Queue up these interesting #civictech articles for your weekend reading. Convergence of pressing societal issues and role that #civictech plays. #OpenGov #g0v https://t.co/WF8jCWWkm3,https://twitter.com/CivicTechTO,https://twitter.com/CivicTechTO/status/967189969314881536,2019-12-28T00:49:28.896Z,#g0v
Sat Sep 22 15:31:02 +0000 2018,"Today: join @itsmisscs &amp; i at @awesomenyc's 2018 Project Showcase https://t.co/Ec896SH3mJ on behalf of #vNYC #g0v and the training course ""Democracy: a How-to Guide"" https://t.co/bGEVXGb23Y",https://twitter.com/lizbarry,https://twitter.com/lizbarry/status/1043523072299556865,2019-12-28T00:49:28.896Z,#g0v
Mon Apr 23 04:41:20 +0000 2018,vTaiwan â€“ A Glimpse of Open Source Open Space Government (Part 1) â€“ an unprecedented and mind-blowing approach to participatory governance - https://t.co/09BQEd8BTA,https://twitter.com/tomatlee,https://twitter.com/tomatlee/status/988276613883224064,2019-12-28T00:49:28.896Z,#g0v
Fri Oct 11 03:26:41 +0000 2019,"Easy: taking shortcuts, closing things off for convenience &amp; self-interest. Hard: honoring principles &amp; consensus, fixing damage, re-open things. Some people choose easy. Some choose hard. #community #g0vernance #g0v",https://twitter.com/chihaoyo,https://twitter.com/chihaoyo/status/1182497721107615747,2019-12-28T00:49:28.896Z,#g0v
Wed Apr 17 15:36:15 +0000 2019,"@nasma_ahmed Could use @MIT_CSAIL-hero @amyxzh's #wikum tool for collab summarization, to help make it digestible for busy normies? (MIDP = Master Innovation &amp; Development Plan) https://t.co/HWttTiWTNM h/t @elaragon for the #g0v summit talk that put it on my radar :) #blocksidewalk #civictech",https://twitter.com/patconnolly,https://twitter.com/patconnolly/status/1118538674025697280,2019-12-28T00:49:28.896Z,#g0v
Mon Aug 13 13:01:04 +0000 2018,I just published â€œCivic Tech Weekly Aug 13: Giving Taipei Residents Radical Transparency on Public Housingâ€ https://t.co/1pfAY4W4IO,https://twitter.com/aaronwytze,https://twitter.com/aaronwytze/status/1028989814337687553,2019-12-28T00:49:28.896Z,#g0v
Mon Aug 13 13:07:29 +0000 2018,Three really cool Taiwan civic tech projects in this week's digest. @KP_Taipei's social housing construction website is one of the craziest experiments in gov transparency I've seen in Taiwan. #civictech #Taiwan #g0v https://t.co/CVSvMuHi2c,https://twitter.com/aaronwytze,https://twitter.com/aaronwytze/status/1028991432495976448,2019-12-28T00:49:28.896Z,#g0v
Thu May 24 06:24:06 +0000 2018,"""We can replace the entire #government by AI in 500 years""

@ShuYangLin from #Taiwan's gov #innovation lab, on using #AI &amp; mixed reality to open up #policymaking to #citizens, build #trust &amp; boost #transparency. #g0v #OpenGov #DigitalDemocracy #eGovernance https://t.co/Uun4wqYGIC",https://twitter.com/alexisroig,https://twitter.com/alexisroig/status/999536499812110341,2019-12-28T00:49:28.896Z,#g0v
Thu Jun 14 00:53:01 +0000 2018,I am launching Asia #Blockchain Summit on July 2nd and 3rd in #Taipei bringing together thinkers and doers and regulators in the ecosystem to discuss future of industry and how we can make real impact! Letâ€™s make #Taiwan Blockchain Island  https://t.co/vLmNfo3yoe,https://twitter.com/augama,https://twitter.com/augama/status/1007063323009904640,2019-12-28T00:49:28.896Z,#g0v
Wed Apr 27 13:01:46 +0000 2016,@lizbarry https://t.co/vZNgdb9Cbq charts the subsequent developments in the past 6 months. :-),https://twitter.com/audreyt,https://twitter.com/audreyt/status/725308960266424320,2019-12-28T00:49:28.896Z,#g0v
Fri Dec 09 18:34:56 +0000 2016,"â€œDear democracy, you need more hackersâ€ by @localopolis # great article. #g0v  https://t.co/sLBdPUTERp",https://twitter.com/Evan_Lin,https://twitter.com/Evan_Lin/status/807292461970141184,2019-12-28T00:49:28.896Z,#g0v
Thu May 10 11:38:33 +0000 2018,"Want to know more about g0v? Follow those links: https://t.co/3JVenwxDVH &amp; https://t.co/Ea5VrhrsVR
#2018g0vSummit #civictech #opengov #g0v.tw https://t.co/92hswGwiwD",https://twitter.com/g0vtw,https://twitter.com/g0vtw/status/994542204340264960,2019-12-28T00:49:28.896Z,#g0v
Sat Aug 04 10:24:11 +0000 2018,Interesting website to trace the political contributions on each #mayors and #councilors in #Taiwan #democracy #Government #g0v https://t.co/iMFViAgjpb,https://twitter.com/joaniehuang,https://twitter.com/joaniehuang/status/1025688846241939458,2019-12-28T00:49:28.896Z,#g0v
Tue Feb 06 22:39:54 +0000 2018,"Check out this roundup of #civictech news. From social causes to infrastructure support, see how #civictech is being used across the globe, including some happenings on Cdn soil. #g0v #opendata https://t.co/WnMDxlIH9i",https://twitter.com/CivicTechTO,https://twitter.com/CivicTechTO/status/961006563862315008,2019-12-28T00:49:28.896Z,#g0v
Thu Nov 08 13:35:59 +0000 2018,"Nice breakfast with @AudreyMatty, @piawaugh, and several others. For the second breakfast with #g0v and @code4ca, #Estonia perspective on Dutch innovation through #OpenData and cloud services. Overcoming an imposter syndrome in #DigitalTransformation.",https://twitter.com/montrealgia,https://twitter.com/montrealgia/status/1060526348949700608,2019-12-28T00:49:28.896Z,#g0v
Sun Jun 18 13:04:39 +0000 2017,"More on how #Taiwan using #CivicTech for more open, inclusive, responsive #g0v empowering citizens to self-organize, adapt &amp; realize change https://t.co/LhyS7UUpGL",https://twitter.com/Jeff_Piestrak,https://twitter.com/Jeff_Piestrak/status/876425427711119360,2019-12-28T00:49:28.896Z,#g0v
Mon Jun 11 14:18:02 +0000 2018,".@audreyt ""I'm a conservative anarchist which basically means I'm a taoist."" ğŸ˜‰ğŸ™ğŸ˜ #g0v https://t.co/C5ea1So0jr",https://twitter.com/DevinBalkind,https://twitter.com/DevinBalkind/status/1006178747769393152,2019-12-28T00:49:28.896Z,#g0v
Mon Feb 19 23:01:02 +0000 2018,I just published â€œCivic Tech Weekly Feb 19: Can A.I. Block ISIS Propaganda?â€ https://t.co/9UuSUE4xbV,https://twitter.com/ocflab,https://twitter.com/ocflab/status/965722927130869768,2019-12-28T00:49:28.896Z,#g0v
Sat Oct 06 06:00:53 +0000 2018,How much of a #bot are you?  Check out https://t.co/QgbVYeHQbn  #g0v https://t.co/93MVzDF01p,https://twitter.com/riovictoire,https://twitter.com/riovictoire/status/1048453017605890048,2019-12-28T00:49:28.896Z,#g0v
Sat Nov 08 08:14:19 +0000 2014,"We are going to introduce #FS2Clicker in #g0v Summit 2014. Watch the live stream here!! 

#SatelliteImagery... http://t.co/ejH4Uqmukd",https://twitter.com/GeoThingsTW,https://twitter.com/GeoThingsTW/status/530996726803738625,2019-12-28T00:49:28.896Z,#g0v
Thu Oct 11 10:03:37 +0000 2018,"It's the video I was trying to show you today. It visualized all the code commits of all repos in past 6 year on #g0v's github, pretty cool, tell us what you think: https://t.co/9RYcuO6yqc (Credit: DannyHaung, @ronnywang) #codeforall2018 #HeroesofTech",https://twitter.com/TTCATz,https://twitter.com/TTCATz/status/1050326044899708928,2019-12-28T00:49:28.896Z,#g0v
Fri Nov 16 12:56:05 +0000 2018,@itsmisscs @UsePolis Nice! @shuyanglin don't suppose the presentation could be shared in #holopolis channel on #g0v slack? :),https://twitter.com/patconnolly,https://twitter.com/patconnolly/status/1063415410739994625,2019-12-28T00:49:28.896Z,#g0v
Sat Apr 13 13:04:32 +0000 2019,"ğŸ‘¾g0vhk hackathon beginner classğŸ‘¾
27/4 Saturday
4:00pm-6:00 pm 
Sham Shui Po, Tai Nan St,  No.186 Form Society
Apply hereï¼šhttps://t.co/66CnCtDIrh
#g0vhk #g0v #opendata #civictech #hackathon",https://twitter.com/JessiePang0125,https://twitter.com/JessiePang0125/status/1117050941553819648,2019-12-28T00:49:28.896Z,#g0v
Sat Jun 07 18:23:08 +0000 2014,"Wrote about the founder of g0v. Open source for art policy~
http://t.co/iQiAszkFGu
#g0v #taiwan",https://twitter.com/Siraya1029,https://twitter.com/Siraya1029/status/475342207877005313,2019-12-28T00:49:28.896Z,#g0v
Tue May 01 15:38:00 +0000 2018,Audrey Tang tells Stories From the Future of Democracy https://t.co/RP4r5pFsoI | #democracy #g0v @audreyt,https://twitter.com/Matthijs85,https://twitter.com/Matthijs85/status/991340971110617090,2019-12-28T00:49:28.896Z,#g0v
Fri Jul 06 17:17:22 +0000 2018,"Register for Fearless Cities in NYC July 27-29 https://t.co/abdVJYZaKO Tracks include Transforming Power, Participator Democracy, Queering and Feminizing Politics, &amp; Municipal Concerns Today. Folks from #g0v #vNetwork will be speaking/sharing",https://twitter.com/itsmisscs,https://twitter.com/itsmisscs/status/1015283577402150913,2019-12-28T00:49:28.896Z,#g0v
Thu Sep 21 04:24:35 +0000 2017,Gearing up to chat with Claire on her #g0v research plus a chat with @watchouttw team. #vTaiwan stakeholder meeting this evening.,https://twitter.com/talktonyc,https://twitter.com/talktonyc/status/910721393674694656,2019-12-28T00:49:28.896Z,#g0v
Tue May 17 02:25:35 +0000 2016,"""Business Trip in Taiwan, Day 2 : g0v summit 2016 Day 1"" by Yuki Ohyama
#g0vsummit #g0v

https://t.co/nh4DDUI4We",https://twitter.com/walkingice,https://twitter.com/walkingice/status/732396618666774528,2019-12-28T00:49:28.896Z,#g0v
Thu Nov 08 15:12:35 +0000 2018,Thanks @audreyt for coming to Ottawa for #fwd50 to talk about #Taiwan's innovations with #g0v - also just noticed the #SDGs shirt. Cool! https://t.co/M9x3SKsgYB,https://twitter.com/mgifford,https://twitter.com/mgifford/status/1060550658338836480,2019-12-28T00:49:28.896Z,#g0v
Mon Jun 29 16:41:03 +0000 2015,"Fetching data from http://t.co/w7cOmt10e2 per hour, convert to JSON and send to gh-pages. #g0v https://t.co/VvvywgSwmg",https://twitter.com/yurenju,https://twitter.com/yurenju/status/615560620381868033,2019-12-28T00:49:28.896Z,#g0v
Wed Oct 31 19:11:27 +0000 2018,"ğŸ‡¹ğŸ‡¼ xğŸ‡°ğŸ‡· Networking Day for Civic Hacking
Open for anyone interested in Civic hacking, Open data, Public data, Digital literacy
â–ªï¸7-9pm, the 5th, November 2018, Seoul NPO Support Center, Korea
â–ªï¸Guests: Pomin Wu(@pm5), Chihao Yu(@chihaoyo) 
@g0vtw @g0vnews @opengovpart @seoulmania https://t.co/KyLBaHukYa",https://twitter.com/parti_coop,https://twitter.com/parti_coop/status/1057711668950634499,2019-12-28T00:49:28.896Z,#g0v
Sun Sep 23 01:32:10 +0000 2018,Had a great afternoon in the company of awesomeness. Enjoyed sharing about #vTaiwan #g0v #vNetwork and reflections from the first English language training held in June. Thanks @awesomenyc for putting together a great event. https://t.co/rq8AovvcON,https://twitter.com/itsmisscs,https://twitter.com/itsmisscs/status/1043674350954668039,2019-12-28T00:49:28.896Z,#g0v
Tue Jun 25 03:39:01 +0000 2019,"Obsessed with Audrey Tang: the worldâ€™s only transgender minister, hacker, protester, and conservative anarchist who aims for collaborative governance in #politics.

Read about her and #g0v, #vTaiwan and #democracy: https://t.co/5FSkfgPLDf

+ https://t.co/UG6IaBSh8G",https://twitter.com/leighchantelle,https://twitter.com/leighchantelle/status/1143362938058760192,2019-12-28T00:49:28.896Z,#g0v
Mon Sep 11 07:16:04 +0000 2017,#civictechfest and #g0v grant demo party today! https://t.co/50iEfTHlzD,https://twitter.com/ipa,https://twitter.com/ipa/status/907140671814877184,2019-12-28T00:49:28.896Z,#g0v
Wed Jan 17 20:16:12 +0000 2018,So I will go to Prague this May to present my paper on a civic hacking community in Taiwan. And it will be my academic conference debut! Not bad... #ica18 #g0v,https://twitter.com/Xiayp,https://twitter.com/Xiayp/status/953722644540608513,2019-12-28T00:49:28.896Z,#g0v
Sun Jun 18 08:12:26 +0000 2017,"Meet g0v, the Open-source, Digital Community Transforming Democracy inÂ Taiwan https://t.co/PRkNp8Lawx https://t.co/iDtDzyu58S",https://twitter.com/mbauwens,https://twitter.com/mbauwens/status/876351889071386624,2019-12-28T00:49:28.896Z,#g0v
Fri Nov 16 13:10:44 +0000 2018,"@aaronshaw don't suppose you're still in taipei? I somehow missed the boat on your talks! Here for a #g0v-related fellowship. I'm a big fan of the work of yochai and mako hill in relation to #civictech community organizing, and would be honoured for any space-time :)",https://twitter.com/patconnolly,https://twitter.com/patconnolly/status/1063419095368880130,2019-12-28T00:49:28.896Z,#g0v
Sat Aug 04 05:03:19 +0000 2018,"å¥½ä¹…æ²’çœ‹è­°å“¡æŠ•ç¥¨æŒ‡å—äº†ï¼Œæƒ³ä¸åˆ°ç¾åœ¨è®Šé€™éº¼å¸¥ï¼
https://t.co/TTtY2czhuS",https://twitter.com/daikeren,https://twitter.com/daikeren/status/1025608094124924929,2019-12-28T00:49:28.896Z,#g0v
Thu Nov 28 17:44:40 +0000 2019,"A nice optimistic pick me up if you have election/impeachment fatigue in America. @carljackmiller does a great job of stressing the importance of the January election at the end with just a dash of realistic cynicism. #g0v #vTaiwan
https://t.co/KQfZwB8SjI",https://twitter.com/TJWalker,https://twitter.com/TJWalker/status/1200108259862024192,2019-12-28T00:49:28.896Z,#g0v
Wed Jul 08 16:26:36 +0000 2015,angular-ui-tree looks prefect to be a part of an editor for #hackfoldr :D #g0v #javascript #AngularJS https://t.co/PByNiGQ5rE,https://twitter.com/nodenow,https://twitter.com/nodenow/status/618818476493422592,2019-12-28T00:49:28.896Z,#g0v
Sat Dec 06 13:48:53 +0000 2014,"The Sunflower Movement â€” Online Communities, Governments &amp; Transparency #g0v http://t.co/swLlzsQsQO",https://twitter.com/digitalfilipino,https://twitter.com/digitalfilipino/status/541227782575910912,2019-12-28T00:49:28.896Z,#g0v
Mon Sep 28 08:39:36 +0000 2015,My article for the Taipei Times about #Taiwan's #g0v creating an #Amis Language Dictionary #MoedictAmis #é›¶æ™‚æ”¿åºœ http://t.co/aexhfGrqGM,https://twitter.com/aaronwytze,https://twitter.com/aaronwytze/status/648416756038373376,2019-12-28T00:49:28.896Z,#g0v
Sun Nov 17 21:55:24 +0000 2019,"Coming Wednesday Iâ€™ll moderate a conversation with @audreyt in Amsterdam - hacker, activist, poet &amp; digital minister for Taiwan - and a most inspiring speaker. More info: https://t.co/K8KHsV1I0s &amp; https://t.co/anlt1V93UY #g0v #digitaldemocracy #radicaltransparency",https://twitter.com/kresin,https://twitter.com/kresin/status/1196185090000330752,2019-12-28T00:49:28.896Z,#g0v
Fri May 18 08:22:21 +0000 2018,Check out our latest report about the #g0v Civic Tech Prototype Grant and discover amazing #civictech projects: https://t.co/KNWEVEjnX5 https://t.co/f1SJMd9tWb,https://twitter.com/g0vtw,https://twitter.com/g0vtw/status/997391928575410176,2019-12-28T00:49:28.896Z,#g0v
Sun Jun 02 14:32:41 +0000 2019,I wish so hard we could have paid to fly you here. #g0v inspired a *lot* of how i see us building international civic tech coalitions. https://t.co/3ALuPuATVW,https://twitter.com/thebestsophist,https://twitter.com/thebestsophist/status/1135192518402772992,2019-12-28T00:49:28.896Z,#g0v
Sat Sep 28 02:37:54 +0000 2019,Guests from all over the world #cfjsummit #g0v #openmaine https://t.co/0O2kXXolCk,https://twitter.com/KiRiN_Z00,https://twitter.com/KiRiN_Z00/status/1177774402479353856,2019-12-28T00:49:28.896Z,#g0v
Fri Jun 07 10:35:39 +0000 2019,Facing the Ocean will start!! #codeforjapan #g0v #Facingtheocean https://t.co/eMgTKdXXv0,https://twitter.com/codeforJP,https://twitter.com/codeforJP/status/1136944806133821440,2019-12-28T00:49:28.896Z,#g0v
Sat Mar 08 16:20:45 +0000 2014,The 318 #Anti-Nuclear rally in #Taiwan: these are internet gadgets prepared by #g0v guys. http://t.co/Wm1e4oDKoX,https://twitter.com/corgiwcn,https://twitter.com/corgiwcn/status/442334111298887680,2019-12-28T00:49:28.896Z,#g0v
Thu Oct 17 15:35:05 +0000 2019,"""In Taiwan, digital technology is boosting civic dialogue and infusing government with the spirit of social innovation.""

It's pretty cool to see @audreyt in the pages of the @nytimes! ğŸ‡¹ğŸ‡¼

https://t.co/9wcj4gavaR

#civictech #g0v #digitalgov #gcdigital",https://twitter.com/code4ca,https://twitter.com/code4ca/status/1184855357753036802,2019-12-28T00:49:28.896Z,#g0v
Sat Apr 12 15:35:04 +0000 2014,"#Paradim #Shift #Taiwan #Media
"" Don't hate the media. Become the media ""
http://t.co/UMGuI6BXDg #G0v #taiwan",https://twitter.com/iamtomstone,https://twitter.com/iamtomstone/status/455006193241427968,2019-12-28T00:49:28.896Z,#g0v
Thu Jun 20 20:09:57 +0000 2019,"@pm5 Thank you. I'm fine having these discussions in public (and indeed, it seems appropriate for the #g0v ethos of radical transparency!), my only concern is that Twitter's margin may be too narrow to contain my/our thoughts in a digestible way.",https://twitter.com/yoshemitzu47,https://twitter.com/yoshemitzu47/status/1141800372178161669,2019-12-28T00:49:28.896Z,#g0v
Fri Jun 22 09:41:08 +0000 2018,"@schmitologie @PaulaForteza @AssembleeNat @Mau_MejiaG @audreyt They are the best ! â¤â¤â¤
#taiwan #g0v",https://twitter.com/Hugo_Lz,https://twitter.com/Hugo_Lz/status/1010095332376694784,2019-12-28T00:49:28.896Z,#g0v
Sun Nov 23 17:39:20 +0000 2014,@g0vtw guys calculate cost per vote in election: http://t.co/ok4jmejGt4  #g0v,https://twitter.com/jimyhuang,https://twitter.com/jimyhuang/status/536574733962076160,2019-12-28T00:49:28.896Z,#g0v
Sun May 04 04:16:24 +0000 2014,Join &amp; hack is the fastest way to attend a community #g0v,https://twitter.com/cadeskao,https://twitter.com/cadeskao/status/462807935186251776,2019-12-28T00:49:28.896Z,#g0v
Tue Aug 23 05:15:43 +0000 2016,My #OSOSNZ prayer. Thank you all fabulous people! https://t.co/d3kBl8gLy8,https://twitter.com/audreyt,https://twitter.com/audreyt/status/767953441746411524,2019-12-28T00:49:28.896Z,#g0v
Sun Mar 30 08:34:20 +0000 2014,100s of love+support to you from San Francisco!! #congressoccupied #åæœè²¿ #ä½”é ˜ç«‹æ³•é™¢ #SunflowerMovement #taiwanprotest #g0v http://t.co/IYyMS9Y1xQ,https://twitter.com/ahneyo,https://twitter.com/ahneyo/status/450189270746009600,2019-12-28T00:49:28.896Z,#g0v
Sat Mar 04 03:31:25 +0000 2017,#g0v hackath23n #hackathon #OpenDataDay2017 https://t.co/WY08sldXu7 https://t.co/m2wMkiFRJv,https://twitter.com/yutin1987,https://twitter.com/yutin1987/status/837868052356071428,2019-12-28T00:49:28.896Z,#g0v
Fri Nov 09 10:53:26 +0000 2018,Lo strumento che abbiamo messo a disposizione consente analisi approfondite e una maggiore partecipazione di tutti. Grazie a te @sdemela per questa osservazione. #Budget2019 #g0v https://t.co/R6FK7jjXDU,https://twitter.com/COPERNlCANl,https://twitter.com/COPERNlCANl/status/1060847829667758081,2019-12-28T00:49:28.896Z,#g0v
Tue Jul 28 10:05:48 +0000 2015,"#irc ë¥¼ í™œë°œíˆ ì“°ë˜ ëŒ€ë§Œì˜ #g0v íŒ€ì´ ìµœê·¼ #slack ìœ¼ë¡œ ì˜®ê²¨ì„œ ë†€ëŸ¬ê°€ë´¤ëŠ”ë°, ì´ë ‡ê²Œ ë‘ ì±„ë„ì˜ ë™ê¸°í™”ë¥¼ ì˜í•´ë†¨ë‹¤! ì´ë ‡ê²Œ ircëŠ” ì—­ì‚¬ì†ìœ¼ë¡œ í•œ ê±¸ìŒ ë” ì‚¬ë¼ì§€ëŠ”ê±¸ê¹Œ? http://t.co/LALGB6uDV3",https://twitter.com/echojuliett,https://twitter.com/echojuliett/status/625970402775281664,2019-12-28T00:49:28.896Z,#g0v
Fri Nov 02 00:22:09 +0000 2018,æ˜¨å¤©è½æ¾³æ´²æ™¯è§€è¨­è¨ˆå¸«åˆ†äº«å…±èå¼å…¬åœ’çš„è¨­è¨ˆç¶“é©—ï¼Œè®“æˆ‘æ„Ÿè§¸æœ€æ·±çš„åœ°æ–¹ä¸æ˜¯é‚£å¹¾æ¢è¨­è¨ˆæº–å‰‡ï¼Œè€Œæ˜¯ä»–å€‘é–‹é ­éƒ½ä»¥ã€Œå› ç‚ºæ¾³æ´²æ˜¯é€™æ¨£çš„åœ‹å®¶ï¼Œæˆ‘å€‘åœ¨ä¹é€™äº›äº‹æƒ…ï¼Œæ‰€ä»¥æˆ‘å€‘é€™æ¨£è¨­è¨ˆã€ã€‚é‚£ï¼Œå°ç£æ˜¯ä»€éº¼æ¨£çš„åœ‹å®¶ï¼Ÿæˆ‘å€‘åœ¨ä¹ä»€éº¼äº‹æƒ…ï¼Ÿæˆ–è€…ï¼Œåéä¾†å•ï¼Œå¦‚æœæŠŠ #g0v ç•¶ä½œä¸€å€‹å¾µå€™ï¼Œå°ç£æ˜¯ä»€éº¼æ¨£çš„åœ‹å®¶ï¼Ÿåœ¨ä¹ä»€éº¼äº‹æƒ…ï¼Ÿ,https://twitter.com/swpave,https://twitter.com/swpave/status/1058152244544135168,2019-12-28T00:49:28.896Z,#g0v
Wed Oct 26 08:57:39 +0000 2016,@M157q I read every #g0v logs for a period of time. @ferrari_tw,https://twitter.com/caasih,https://twitter.com/caasih/status/791202116425555969,2019-12-28T00:49:28.896Z,#g0v
Sat Nov 08 15:27:26 +0000 2014,çªç„¶è¦ºå¾— g0v åªæœ‰å…©ç¨®äºº:  æ²’æœ‰äºº è·Ÿ ä¸ç¡è¦ºçš„äºº...   #g0v  #g0vsummit2014,https://twitter.com/jessylee1092,https://twitter.com/jessylee1092/status/531105724642775040,2019-12-28T00:49:28.896Z,#g0v
Tue Aug 01 15:17:10 +0000 2017,Just learnt of Taiwanese #g0v project that has radically changed face of democratic policy making through tech that sees 'dissent as data'! https://t.co/CXiERqehBO,https://twitter.com/fuiin,https://twitter.com/fuiin/status/892403842645491713,2019-12-28T00:49:28.896Z,#g0v
Mon Apr 14 07:26:26 +0000 2014,å¤ªé™½èŠ±å­¸é‹èƒŒå¾Œçš„ITç¥•è¾›ï¼šç¬¬é›¶æ¬¡å‘æ—¥è‘µæ•¸ä½é«”é©—ç‡Ÿ http://t.co/RgI8dN5Vmq #g0v #auæœ€é«˜,https://twitter.com/Brecht,https://twitter.com/Brecht/status/455607999986298880,2019-12-28T00:49:28.896Z,#g0v
Thu Oct 16 15:04:49 +0000 2014,"æ„Ÿè¬ #g0v ""ç¬¬ï¼ï¼’ï¼ï¼™æˆ–ï¼‘ï¼•ï¼ï¼“ç¯€é™¤å¤–ä¹‹è±¬è„‚ï¼ˆåŒ…æ‹¬ç†Ÿè±¬æ²¹ï¼‰åŠç¦½è„‚ - è²¡æ”¿éƒ¨é—œå‹™ç½²é€²å‡ºå£è³‡æ–™"" ( http://t.co/tIxGAlg7Ml ) 2008 å¹´ç™¼ç”Ÿäº†ä»€éº¼äº‹ï¼Ÿ",https://twitter.com/sntc06,https://twitter.com/sntc06/status/522765110813917184,2019-12-28T00:49:28.896Z,#g0v
Mon Aug 11 08:09:42 +0000 2014,ã€æ²ƒè‰ã€‘g0væ¨å…¨å°æ€¥è¨ºå³æ™‚çœ‹æ¿ï¼Œå„å¤§é†«é™¢æ€¥è¨ºå¯¦æ³ä¸€ç›®äº†ç„¶ï¼ | å³æ™‚æ–°è | 20140811 | è˜‹æœæ—¥å ± http://t.co/lGQS7s2gel #æ²ƒè‰ #g0v #æ€¥è¨º #å³æ™‚,https://twitter.com/lydiahsu531,https://twitter.com/lydiahsu531/status/498743043155968000,2019-12-28T00:49:28.896Z,#g0v
Sun Jan 22 15:33:31 +0000 2017,"Audrey Tang (@audreyt), entrepreneure,hackeuse, transgenre, nouvelle ministre du numÃ©rique de TaÃ¯wan https://t.co/0hGjxMt8GQ ğŸ’»ğŸŒˆğŸ‡¹ğŸ‡¼ #g0v #LGBT https://t.co/h3tqOlTfYH",https://twitter.com/NatachaQS,https://twitter.com/NatachaQS/status/823191873502187521,2019-12-28T00:49:28.896Z,#g0v
Sat Oct 06 08:30:44 +0000 2018,"æŠ•ç¥¨æŒ‡å—ä½œè€… : ""æˆ‘å€‘å»æ‰¾æ°‘é€²é»¨è¦è³‡æ–™çš„æ™‚å€™, ä»–å€‘èªªä½ å€‘ #g0v ä¸æ˜¯æ™‚ä»£åŠ›é‡çš„å— ? å¾Œä¾†æˆ‘å€‘å»æ™‚ä»£åŠ›é‡è¦è³‡æ–™, ä»–å€‘ä¸è¦‹æˆ‘å€‘"" XD #g0vsummit #g0vsummit2018",https://twitter.com/ijliao,https://twitter.com/ijliao/status/1048490731004866561,2019-12-28T00:49:28.896Z,#g0v
Tue May 27 15:23:58 +0000 2014,"beautiful &amp; powerful #g0v visualizations, this one parses video feeds so you can see exactly who said what https://t.co/whgzxReYHc #betanyc",https://twitter.com/lizbarry,https://twitter.com/lizbarry/status/471310852881408001,2019-12-28T00:49:28.896Z,#g0v
Wed Nov 12 10:31:56 +0000 2014,â€œ@glynmoody: #Taiwan's #g0v: Open-Source Code &amp; Communities To Engage Citizens And Make Government More Open https://t.co/DefVnW1JbJâ€ kudos,https://twitter.com/nerissimo,https://twitter.com/nerissimo/status/532480909799608320,2019-12-28T00:49:28.896Z,#g0v
Mon Feb 04 21:34:20 +0000 2019,Taiwanâ€™s Radical Participatory Democracy Training Came to New York City Last Summer. https://t.co/yiOknk9ZfR https://t.co/HinzOUGCzu,https://twitter.com/DevinBalkind,https://twitter.com/DevinBalkind/status/1092536858935021570,2019-12-28T00:49:28.896Z,#g0v
Fri Mar 24 01:27:46 +0000 2017,https://t.co/35TSPoa4ZI hackers in gov #g0v #g0vnews #taiwan #opengov,https://twitter.com/yutin1987,https://twitter.com/yutin1987/status/845084695050108928,2019-12-28T00:49:28.896Z,#g0v
Tue Feb 05 04:51:04 +0000 2019,"Heyyeah it did! 
â€œ...a constellation of participatory democracy programs has emerged...â€ #vTaiwan #vNYC #g0v #democracy https://t.co/T60zYD0Ocs",https://twitter.com/KateHNicholson,https://twitter.com/KateHNicholson/status/1092646765994655744,2019-12-28T00:49:28.896Z,#g0v
Wed May 28 00:56:10 +0000 2014,Federating #opengov tools from many countries into #populus .@mysociety #g0v #betanyc @clkao,https://twitter.com/lizbarry,https://twitter.com/lizbarry/status/471454853437587456,2019-12-28T00:49:28.896Z,#g0v
Sat Nov 01 13:43:47 +0000 2014,ZOMG åˆå¹´ã® #g0v.tw - the 1st year story is now also available in Japanese by @takahashim++ http://t.co/Qty3Fsr4Gf,https://twitter.com/clkao,https://twitter.com/clkao/status/528542925089562624,2019-12-28T00:49:28.896Z,#g0v
Sat Mar 29 02:51:10 +0000 2014,Chaotic but effective #g0v #decentralization,https://twitter.com/vincicat,https://twitter.com/vincicat/status/449740521380909056,2019-12-28T00:49:28.896Z,#g0v
Mon May 28 11:55:20 +0000 2018,"RT @DFC_Fellowship: RT @alexisroig: ""We can replace the entire #government by AI in 500 years""

@ShuYangLin from #Taiwan's gov #innovation lab, on using #AI &amp; mixed reality to open up #policymaking to #citizens, build #trust &amp; boost #transparency. #g0v #â€¦ https://t.co/0bwLic4xUx",https://twitter.com/DChoisel,https://twitter.com/DChoisel/status/1001069408461185024,2019-12-28T00:49:28.896Z,#g0v
Fri Nov 09 10:32:51 +0000 2018,"https://t.co/hksKSMwYsY realizzata dai nostri soci, spiega il bilancio 2019 dello Stato italiano: come spenderanno i nostri soldi? ğŸ’¸ segui li link per scoprirlo ğŸ‘‰ğŸ»https://t.co/eKUrSPAHQe  #def2019 #copernicani #openbudget #trasparenza #partecipazione #g0v",https://twitter.com/COPERNlCANl,https://twitter.com/COPERNlCANl/status/1060842648272035841,2019-12-28T00:49:28.896Z,#g0v
Sat Feb 06 09:20:08 +0000 2016,https://t.co/j56a9vvtaZ ç›®å‰ #g0v æ–¹é¢é—œæ–¼ #åœ°éœ‡ #ç½æƒ… çš„æ¶ˆæ¯ï¼Œå…¨éƒ¨æ•´ç†æ–¼æ­¤ hackfoldr æ–¹ä¾¿é—œæ³¨ã€‚ï¼ˆåŸ hackpad å…§å®¹éƒ¨ä»½å¾©åŸï¼Œä½†å·²ç§»åˆ°ä¸åŒç¶²å€ã€‚å¯ç”±æ­¤ hackfoldr é€²å…¥ã€‚ï¼‰,https://twitter.com/gugod,https://twitter.com/gugod/status/695899767356915712,2019-12-28T00:49:28.896Z,#g0v
Thu Oct 25 08:34:42 +0000 2018,"ä»Šå¹´å°‡è¦æŠ•ç¥¨äº†ï¼Œé‚„ä¸çŸ¥é“è¦æŠ•ä»€éº¼å’Œæƒ³çŸ¥é“ç›®å‰é¸å€å…§æœ‰é‚£äº›äººï¼Œæ‹¿è‘—æŠ•ç¥¨æŒ‡å—ç ”ç©¶å°±å°äº† https://t.co/gl6GGR9dJy

#g0v",https://twitter.com/superbil,https://twitter.com/superbil/status/1055377097307283456,2019-12-28T00:49:28.896Z,#g0v
Wed May 14 05:43:05 +0000 2014,Hacking Your Goverment with Keyboards @ NCTU @g0vtw #g0v : http://t.co/Ty7yyGpV7P via @YouTube,https://twitter.com/Lance0312,https://twitter.com/Lance0312/status/466453627666563072,2019-12-28T00:49:28.896Z,#g0v
Thu Oct 06 10:17:37 +0000 2016,"You have to read how I made this understand.... #istandwithrahama ""rahamas case"" ğŸ˜Œ @Rahma_sadau @ClassiQ_ #G0V https://t.co/nDPWEorVOM",https://twitter.com/Iam_abdullahhi,https://twitter.com/Iam_abdullahhi/status/783974484223156226,2019-12-28T00:49:28.896Z,#g0v
Sun Jul 24 15:49:23 +0000 2016,"å¤§æ¨ #g0v çš„ iTaigi å°ˆæ¡ˆï¼æƒ³çŸ¥é“å°èªæ€éº¼èªªï¼Œä¾†é€™è£¡æŸ¥å°±å°äº†ï¼
#å°æ–‡ https://t.co/91bgl48oH6",https://twitter.com/buengatonegro,https://twitter.com/buengatonegro/status/757241276353818624,2019-12-28T00:49:28.896Z,#g0v
Fri Feb 28 05:20:46 +0000 2014,Power of visualization #g0v #fossasia http://t.co/fZhQxQBhwF,https://twitter.com/mohitkanwal,https://twitter.com/mohitkanwal/status/439268919790948352,2019-12-28T00:49:28.896Z,#g0v
Sat Mar 22 13:45:14 +0000 2014,#CongressOccupied #g0v established a transparent wallâ€” broadcast Taiwan parliament occupiers livecam to the streets. https://t.co/spEfD5XTGt,https://twitter.com/audreyt,https://twitter.com/audreyt/status/447368407906652160,2019-12-28T00:49:28.896Z,#g0v
Tue Apr 17 15:46:03 +0000 2018,Every major policy decision in Taiwan is being vigorously debated via #vTaiwan and #g0v techniques and processes and then public consensus points are being implemented. Example: see how @uber was regulated in Taiwan - https://t.co/MFDpxq3rax,https://twitter.com/npstorey,https://twitter.com/npstorey/status/986269565813448705,2019-12-28T00:49:28.896Z,#g0v
Thu May 22 02:31:13 +0000 2014,RT @lizbarry: @clkao in #NYC on *TUESDAY* showing his gorgeous #g0v #opengov tech! #betanyc http://t.co/Wz2EzUV8xp #sunflower #taiwan,https://twitter.com/clkao,https://twitter.com/clkao/status/469304446380675072,2019-12-28T00:49:28.896Z,#g0v
Sat Feb 22 13:51:10 +0000 2014,"90+ at #codeacross #taiwan #odd14 #g0v: awesome mix of developers,{web,graphics,urban} designers,public servants,film makers and activists",https://twitter.com/g0vtw,https://twitter.com/g0vtw/status/437223040175194112,2019-12-28T00:49:28.896Z,#g0v
Fri Jun 22 09:40:20 +0000 2018,"@schmitologie @PaulaForteza @AssembleeNat @Mau_MejiaG Who is there, 6 years that i try to catch up with them ! @audreyt â¤â¤â¤ #g0v #wikimedia",https://twitter.com/Hugo_Lz,https://twitter.com/Hugo_Lz/status/1010095131737935872,2019-12-28T00:49:28.896Z,#g0v
Fri Nov 09 10:48:22 +0000 2018,"#leggedibilancio : ğŸ¤” ah, ma quindi la #povertÃ  Ã¨ stata combattuta, nella #LeggediBilancio2019 i fondi per combatterla sono lâ€™83% in meno. Grazie a .@frmdvd e .@copernicani_it   Controllate su https://t.co/XUVWaDFflT magari scopriamo anche altro https://t.co/2cE3Y3ZMNp",https://twitter.com/sdemela,https://twitter.com/sdemela/status/1060846555165536256,2019-12-28T00:49:28.896Z,#g0v
Sun Mar 30 17:19:03 +0000 2014,#Taiwan professors call on Ma to resign now #congressoccupied #åæœè²¿ #ä½”é ˜ç«‹æ³•é™¢ #SunflowerMovement #taiwandemocracy #g0v http://t.co/UvcJfdVSZL,https://twitter.com/ahneyo,https://twitter.com/ahneyo/status/450321319154831360,2019-12-28T00:49:28.896Z,#g0v
Fri Aug 21 13:08:08 +0000 2015,LIVE on #Periscope: Creative Commons concept sharing in Chinese #g0v #creativecommons https://t.co/FJlONWE1p5,https://twitter.com/NickyHsieh,https://twitter.com/NickyHsieh/status/634713595704573952,2019-12-28T00:49:28.896Z,#g0v
Tue Oct 15 23:43:26 +0000 2019,"Great article by @audreyt for the @nytopinion. Some of the most exciting innovations in democracy are for sure happening in #Taiwan 

#g0v
#vtaiwan
#democracy 

https://t.co/wrR4cOsUUc",https://twitter.com/beyondvotingnyc,https://twitter.com/beyondvotingnyc/status/1184253480149671939,2019-12-28T00:49:28.896Z,#g0v
Mon Oct 06 02:50:41 +0000 2014,"@ETBlue #g0v
XDDDDDD http://t.co/cwla00HnaR",https://twitter.com/tu_hsiao,https://twitter.com/tu_hsiao/status/518956479529746432,2019-12-28T00:49:28.896Z,#g0v
Thu Mar 20 16:30:12 +0000 2014,https://t.co/PTf2JW5RRX  Real time broadcast in the parliament Taiwan #saveTaiwan #g0v #OpenGovernement,https://twitter.com/iamtomstone,https://twitter.com/iamtomstone/status/446685145286713344,2019-12-28T00:49:28.896Z,#g0v
Wed Jan 13 05:34:09 +0000 2016,"""I'd like to know you by your values, not by your types classes or roles."" #g0v #taiwan #equality",https://twitter.com/bear_nun,https://twitter.com/bear_nun/status/687145587687292928,2019-12-28T00:49:28.896Z,#g0v
Sun Aug 03 08:34:38 +0000 2014,My heart is with all Kaohsiung citizens. #Kaohsiung #g0v #Taiwan #iTaiwan    http://t.co/NpHcaeWbqk,https://twitter.com/DatsOrientalist,https://twitter.com/DatsOrientalist/status/495850215572639744,2019-12-28T00:49:28.896Z,#g0v
Tue Mar 25 01:03:26 +0000 2014,"""Iâ€™m here not only for myself, but for Taiwan. Iâ€™m a retired teacher. Many teachers support the class walk-out."" #CongressOccupied #g0v",https://twitter.com/wfumihsu,https://twitter.com/wfumihsu/status/448263856381382656,2019-12-28T00:49:28.896Z,#g0v
Thu Jan 14 03:08:25 +0000 2016,@audreyt Love your writing and the values you foster -- keep it up! :D #g0v #opensource,https://twitter.com/bear_nun,https://twitter.com/bear_nun/status/687471300550344704,2019-12-28T00:49:28.896Z,#g0v
Mon Mar 04 22:06:36 +0000 2013,#OpenData event in #HongKong http://t.co/QwebX0ahqo CC @scheeinfo @ilya @Dennisc140 @clkao @cpyang @silmaris @dongpo @darkensiva #g0v @OKFN,https://twitter.com/JackTownsend_,https://twitter.com/JackTownsend_/status/308700027600121857,2019-12-28T00:49:28.896Z,#g0v
Fri Apr 25 12:16:02 +0000 2014,æŸ³æ—ç‘‹ï¼šç«‹æ³•é™¢æ¯å¤©éƒ½æœ‰å¾ˆè·¨å¼µçš„äº‹ä¸Šæ¼”ï¼Œä½ åªè¦çœ‹äº†ä¸€å¤©ç«‹æ³•é™¢ç›´æ’­ï¼Œç›¸ä¿¡ä½ å°±æœƒåŠ å…¥äº”æœˆæ‹’çµ•ç¹³ç¨…é‹å‹•ã€‚ #watchout #flyingv #g0v #gjtaiwan http://t.co/hp9efRst7E,https://twitter.com/cjin,https://twitter.com/cjin/status/459667144079204352,2019-12-28T00:49:28.896Z,#g0v
Wed Jul 08 16:22:45 +0000 2015,angular-ui-tree looks prefect to be a part of an editor for #hackfoldr :D #g0v #javascript #AngularJS https://t.co/fo5fJx1Ctp,https://twitter.com/yurenju,https://twitter.com/yurenju/status/618817507059634177,2019-12-28T00:49:28.896Z,#g0v
Fri Jun 28 07:03:34 +0000 2013,finally have the progress bars done -  issues | pirate feedback ui redesign http://t.co/J8jJfORyF9 #prfb #lqfb #ux #g0v #design,https://twitter.com/ETBlue_EN,https://twitter.com/ETBlue_EN/status/350509761718009856,2019-12-28T00:49:28.896Z,#g0v
Tue Oct 29 11:52:35 +0000 2013,"#OpenData eco dissected: BOST, CC, @CodeForTomorrow #g0v, III, ITRI, @okfntw OSM Taiwan, RDEC, ODA &amp; local govts https://t.co/QsVg41hauf",https://twitter.com/oktaiwanonline,https://twitter.com/oktaiwanonline/status/395156203812036609,2019-12-28T00:49:28.896Z,#g0v
Mon Jan 09 16:56:09 +0000 2017,"è¦ºå¾—æœƒè¢«ç©å£ğŸ˜‚

#g0v
#çœŸçš„å‡çš„
#line https://t.co/aGqr4ncOnn",https://twitter.com/blueskuei,https://twitter.com/blueskuei/status/818501624968527872,2019-12-28T00:49:28.896Z,#g0v
Wed Aug 07 11:33:20 +0000 2013,Engaging #opendata w/ broader #ux #ucd communities http://t.co/nTH9T1FtdX Panelists: @clkao @KNYChen @scheeinfo #codefortomorrow #g0v,https://twitter.com/CodeForTomorrow,https://twitter.com/CodeForTomorrow/status/365073168957837313,2019-12-28T00:49:28.896Z,#g0v
Sun Aug 16 12:55:03 +0000 2015,ä»Šå¤©åœ¨ COSCUP H0 çš„æ¼”è¬›ã€Œå‹•æ°‘ä¸»è¡€æ·šå²â€”â€”ç‚ºä»€éº¼æˆ‘æ”¾æ£„é–‹ç™¼ç¶²è·¯å¯©è­°ç³»çµ±ã€æŠ•å½±ç‰‡å…§å«å®Œæ•´è¬›ç¨¿ï¼š https://t.co/Ub9W2F65mL #coscup2015 #g0v,https://twitter.com/ETBlue,https://twitter.com/ETBlue/status/632898366721032192,2019-12-28T00:49:28.896Z,#g0v
Mon Oct 29 21:16:19 +0000 2018,Non chiederti â€œpercheâ€™ non câ€™eâ€™ qualcuno che stia facendo questa cosa? Tu sei â€œqualcunoâ€ ! #g0v #g0vpuntoit @COPERNlCANl https://t.co/ErDv8RrUf0,https://twitter.com/frmdvd,https://twitter.com/frmdvd/status/1057018316580159488,2019-12-28T00:49:28.896Z,#g0v
Wed Jul 17 17:46:50 +0000 2019,"@pm5 @pm5 Not sure if you found this navel-gazey and ignored it or if I failed to bump it to your attention with a username mention. I'll try to bump it one last time to see if you have any input. Otherwise, I guess I'll just try to be responsible in how I run things on r/g0v. #g0v",https://twitter.com/yoshemitzu47,https://twitter.com/yoshemitzu47/status/1151548832129454080,2019-12-28T00:49:28.896Z,#g0v
Sat Jun 08 00:44:50 +0000 2019,...and here is the livestream thanks to @yutin1987 https://t.co/eJANiJwMxu #g0v,https://twitter.com/pm5,https://twitter.com/pm5/status/1137158509722607616,2019-12-28T00:49:28.896Z,#g0v
Thu May 01 06:01:05 +0000 2014,"[g0v] ç«¹å–å…¬ä¸» X au ï¼ŒåŸå§‹æ¦‚å¿µä¾†è‡ªa0kman
#g0v http://t.co/kk5lBnPnbm",https://twitter.com/tu_hsiao,https://twitter.com/tu_hsiao/status/461747115127865344,2019-12-28T00:49:28.896Z,#g0v
Tue Sep 19 02:21:55 +0000 2017,What's the role of a community of nobody in revolution? #g0v #vTaiwan,https://twitter.com/talktonyc,https://twitter.com/talktonyc/status/909965746645614592,2019-12-28T00:49:28.896Z,#g0v
Wed May 28 01:16:37 +0000 2014,http://t.co/nsSEVnadDT #g0v #LevelUp page to walk new folks through the important bits. Idea for @publiclab community #HelloWorld,https://twitter.com/TreeKIT,https://twitter.com/TreeKIT/status/471459998883905537,2019-12-28T00:49:28.896Z,#g0v
Tue Oct 07 01:02:07 +0000 2014,@g0vtw nice to discover your #DKAN site today: http://t.co/LeOXKe20SS ; let us know if you need assistance - https://t.co/6fzSobFoYF #g0v,https://twitter.com/ahoppin,https://twitter.com/ahoppin/status/519291547830214656,2019-12-28T00:49:28.896Z,#g0v
Mon Jun 29 01:07:05 +0000 2015,ç½å®³æ™‚æ˜æ˜æ”¿åºœåšå¾ˆå¤šäº‹æƒ…ï¼Œç‚ºä»€éº¼ä¸€å †äººèªªã€Œæ”¿åºœæ€éº¼æ²’åšã€g0v å¥½æœ‰æ•ˆç‡ã€ï¼Ÿ http://t.co/z789pWjarj #g0v,https://twitter.com/Brecht,https://twitter.com/Brecht/status/615325580750274560,2019-12-28T00:49:28.896Z,#g0v
Thu Dec 29 09:07:08 +0000 2016,"https://t.co/zONPr3BWya 

#g0v #fb hackfoldr https://t.co/56TVEMDuGY",https://twitter.com/pbear6150,https://twitter.com/pbear6150/status/814397329465864193,2019-12-28T00:49:28.896Z,#g0v
Sat Nov 23 13:51:08 +0000 2019,"@beingMicahWhite Great article.

Micah,
You helped light a fire years ago, it still burns. 
Occupy didnâ€™t die it went underground and formed a web of opportunity and the meme is more powerful than ever.

#newnormal #g0v #crypto #financial_revolution_now

â€œLetâ€™s get weirdâ€",https://twitter.com/newnormal_earth,https://twitter.com/newnormal_earth/status/1198237548188983299,2019-12-28T00:49:28.896Z,#g0v
Mon Oct 29 13:38:54 +0000 2018,@COPERNlCANl  #Copernicani libro bianco https://t.co/uKdU1qcjPF,https://twitter.com/quinta,https://twitter.com/quinta/status/1056903204535963648,2019-12-28T00:49:28.896Z,#g0v
Wed May 18 17:56:41 +0000 2016,æ‹†æ”¿åºœåŸåœ°é‡å»ºã€€é›¶æ™‚æ”¿åºœ3å¹´èº‹èº«å…¨çƒå‰ 3 å¤§é»‘å®¢ç¤¾ç¾¤ï¼å ±å°è€… https://t.co/hhF8phq3QW #g0v çœŸçš„è¶…å¸¥,https://twitter.com/vinta,https://twitter.com/vinta/status/732993325599477761,2019-12-28T00:49:28.896Z,#g0v
Sun Oct 21 15:26:20 +0000 2018,"20181021 æ™®æ‚ ç‘ªåˆ—è»Šäº‹æ•…

ç·šä¸Šå°‹äººç³»çµ±ã€æè¡€è³‡è¨Š

https://t.co/cLNaMvNiNc

#g0v",https://twitter.com/superbil,https://twitter.com/superbil/status/1054031135376691200,2019-12-28T00:49:28.896Z,#g0v
Tue Mar 25 01:11:40 +0000 2014,@audreyt @g0vtw @clkao kindly RT [http://t.co/QbUPJvPVYy] will redirect to [https://t.co/tyEdOuGIo1] #Taiwan #CongressOccupied #g0v #hackpad,https://twitter.com/Hannahxsommer,https://twitter.com/Hannahxsommer/status/448265928715665408,2019-12-28T00:49:28.896Z,#g0v
Sat Mar 22 00:42:28 +0000 2014,"Again, the wonderful #g0v folks set up a site for evybdy to track. Here is the English version: http://t.co/DgUCdTuqZC 
#occupylegislature",https://twitter.com/corgiwcn,https://twitter.com/corgiwcn/status/447171414999576576,2019-12-28T00:49:28.896Z,#g0v
Sat Nov 08 08:11:22 +0000 2014,"@GeoThingsTW will introduce #FS2Clicker in the lightning talk of #g0v summit 2014. #SatelliteImage X #Crowdsourcing!
https://t.co/TLkHJFfmMm",https://twitter.com/darkensiva,https://twitter.com/darkensiva/status/530995983266877442,2019-12-28T00:49:28.896Z,#g0v
Sun Aug 23 06:29:01 +0000 2015,@eads is live-coding his presentation with @tarbellproject at  #g0v mini-talk!,https://twitter.com/pm5,https://twitter.com/pm5/status/635337932149161984,2019-12-28T00:49:28.896Z,#g0v
Wed Jul 13 14:51:59 +0000 2016,å¯«äº† #å‹åŸºæ³• è¨ˆç®—æ©Ÿæ‰çŸ¥é“ç¾è¡Œè¦ç¯„é‚„çœŸè’è¬¬ã€‚ #g0v https://t.co/UUCJq71pgs,https://twitter.com/yurenju,https://twitter.com/yurenju/status/753240561729974273,2019-12-28T00:49:28.896Z,#g0v
Mon Jul 25 15:12:03 +0000 2016,ä¸€ä½å‰ç«¯è¨­è¨ˆå¸«ç‚ºè…¦ç˜¤æ‚£è€…é–‹ç™¼çš„å–®æ‰‹æ³¨éŸ³è¼¸å…¥æ³•ï¼Œåªè¦æœ‰æ•¸å­—éµç›¤å³å¯ä½¿ç”¨ï¼Œæ–¹ä¾¿æ‚£è€…åœ¨ç—…åºŠä¸Šé€éæ‰“å­—èˆ‡äººæºé€šï¼Œç¨‹å¼ç¢¼é–‹æºé‡‹å‡ºï¼Œæ­¡è¿æ¸¬è©¦æ­¡è¿ patchã€‚åŸæ–‡é€£çµï¼š https://t.co/gBAVgxlRkJ #g0v https://t.co/f7XxlqmEcY,https://twitter.com/ETBlue,https://twitter.com/ETBlue/status/757594265924931584,2019-12-28T00:49:28.896Z,#g0v
Sat Jul 18 22:51:54 +0000 2015,"From g0v to gov: ?????????????: ??????,2015-07-13 http://t.co/g8I7EGFXjE #references #from #g0v #gov #to",https://twitter.com/ngodingkode,https://twitter.com/ngodingkode/status/622539317647384576,2019-12-28T00:49:28.896Z,#g0v
Thu Mar 19 12:09:01 +0000 2015,"Peter for #OGC, #OSM, #WIKI, and #G0V! http://t.co/BrhjpHpN3T",https://twitter.com/darkensiva,https://twitter.com/darkensiva/status/578528601269608448,2019-12-28T00:49:28.896Z,#g0v
Mon Aug 11 04:38:15 +0000 2014,On combining online and offline activism in Taiwan: #g0v http://t.co/uAzvhCzM2v @clkao,https://twitter.com/taiwanreporter,https://twitter.com/taiwanreporter/status/498689831686254593,2019-12-28T00:49:28.896Z,#g0v
Sun Apr 06 09:40:56 +0000 2014,"After this #CongressOccupied movement, the most profound change in #Taiwan's #democracy is #g0v.  http://t.co/E3vHQh9wrs",https://twitter.com/corgiwcn,https://twitter.com/corgiwcn/status/452742743970680833,2019-12-28T00:49:28.896Z,#g0v
Wed May 28 01:07:38 +0000 2014,Interesting to study how http://t.co/GQzqmrkr4n registry page connects with offline #delimitedDreaming (or not) #g0v,https://twitter.com/lizbarry,https://twitter.com/lizbarry/status/471457737378111489,2019-12-28T00:49:28.896Z,#g0v
Sun Sep 07 07:02:10 +0000 2014,#code4hk Data Visualizations meet up with @Muyueh and @ronnywang from #g0v summary hackpad https://t.co/dWngPT2U97 http://t.co/V1kx7ztn7k,https://twitter.com/code4hk,https://twitter.com/code4hk/status/508510521323053056,2019-12-28T00:49:28.896Z,#g0v
Wed Jul 16 10:58:35 +0000 2014,Hatag mu qu0tble qu0te ab0ut #g0v't and #peace bi. .badly needd ;( thanx po..,https://twitter.com/Cutetmathea,https://twitter.com/Cutetmathea/status/489363458086162432,2019-12-28T00:49:28.896Z,#g0v
Sun Mar 09 07:34:01 +0000 2014,æ˜¨å¤©å‡±é“å»¢æ ¸æ™šæœƒï¼Œç”± #g0v æˆå“¡è² è²¬ç¶²è·¯èˆ‡ç›´æ’­ï¼Œå’Œ @audreyt @Bropheus @ETBlue @clkao @ipa ç­‰å¤¥ä¼´åˆä½œæ„‰å¿«ã€‚æˆ‘å€‘å…¬é–‹ã€Œé›»è¦–ä¸æ’­ã€ç¶²è·¯ç›´æ’­ã€çš„è¦åŠƒç¶“é©—ï¼Œå¸Œæœ›æˆç‚ºæ‰€æœ‰å…¬æ°‘åœ˜é«”å…±äº«è³‡æº https://t.co/80fsrVeQ0O,https://twitter.com/venev,https://twitter.com/venev/status/442563946256429057,2019-12-28T00:49:28.896Z,#g0v
Tue Mar 25 09:08:40 +0000 2014,"http://t.co/8Bk6y7bjNk
facebook cover generator FOR what happened those few days in Taiwan #g0v #SunflowerMovement",https://twitter.com/lyforever,https://twitter.com/lyforever/status/448385971784916992,2019-12-28T00:49:28.896Z,#g0v
Sun Jun 25 02:28:51 +0000 2017,æ‰€è¬‚çš„å…§å®¹å¯©æŸ¥å¤§æ¦‚å°±æ˜¯é€™éº¼ä¸€å›äº‹ï¼æˆ‘è¬›çš„æœ€èˆˆå¥®çš„ç¶“æ­·åè€Œä¸æ˜¯å·¥ä½œä¸Šçš„ï¼Œè€Œæ˜¯æœ‰å¹¸åƒèˆ‡ #g0v å’Œå„è·¯è‹±é›„çµè­˜ã€‚æˆ‘è¬›çš„çœ‰é£›è‰²èˆï¼Œå¤§è«‡ä¸ç®¡æ˜¯æ°‘é–“é‚„æ˜¯æ”¿åºœï¼Œè³‡è¨Šå°é–‰ä»¥åŠç³»çµ±å°é–‰ï¼Œå¸¶ä¾†çš„ä¿è­·ï¼ŒçŸ­æœŸæœ‰æ•ˆï¼Œé•·æœŸä»˜å‡ºçš„ç¤¾æœƒé•·æœ¬æ›´é«˜ã€‚ å®Œå…¨è¢«åˆªæ‰ï¼Œæ²’æœ‰ç•«é¢ã€‚ XD,https://twitter.com/racklin,https://twitter.com/racklin/status/878802135894315008,2019-12-28T00:49:28.896Z,#g0v
Tue Sep 03 10:18:47 +0000 2013,Funny language comparison on doing 1+1 ! RT @clkao: æ–°ä¸–ä»£ï¼Œengage! #g0v at TEDxTaipei 2013 (9/29) http://t.co/e3pB1ARIxH,https://twitter.com/damsieboy,https://twitter.com/damsieboy/status/374838878160834560,2019-12-28T00:49:28.896Z,#g0v
Thu May 08 18:33:29 +0000 2014,"thanks to @ETBlue, now we have a fantastic article about #g0v",https://twitter.com/xatierlikeLee,https://twitter.com/xatierlikeLee/status/464473175217012736,2019-12-28T00:49:28.896Z,#g0v
Sat Feb 20 06:31:19 +0000 2016,"Join us! g0v summit 2016
#g0v #g0vsummit2016 https://t.co/fL1wZcx4iG",https://twitter.com/lyforever,https://twitter.com/lyforever/status/700930715194527744,2019-12-28T00:49:28.896Z,#g0v
Wed Nov 05 23:29:49 +0000 2014,"#g0v, kind of ""#codeforTaiwan"" introduction
#Opengov http://t.co/xfVcSKbNgG",https://twitter.com/kelvinaiesec,https://twitter.com/kelvinaiesec/status/530139954987667457,2019-12-28T00:49:28.896Z,#g0v
Tue Aug 01 15:22:32 +0000 2017,"must read: #g0v redefines democracy by active listening thru tech visuals, and a govt that sees the point
https://t.co/7mZvLnFW2g",https://twitter.com/fuiin,https://twitter.com/fuiin/status/892405190468317184,2019-12-28T00:49:28.896Z,#g0v
Wed Nov 06 12:50:21 +0000 2019,à¸à¸£à¸“à¸µà¸¨à¸¶à¸à¸©à¸²à¸Šà¹ˆà¸­à¸‡à¸—à¸²à¸‡à¸à¸²à¸£à¸¡à¸µà¸ªà¹ˆà¸§à¸™à¸£à¹ˆà¸§à¸¡à¸‚à¸­à¸‡à¸›à¸£à¸°à¸Šà¸²à¸Šà¸™à¹ƒà¸™à¸£à¸¹à¸›à¹à¸šà¸šà¸­à¸­à¸™à¹„à¸¥à¸™à¹Œà¸‚à¸­à¸‡à¸›à¸£à¸°à¹€à¸—à¸¨à¸•à¹ˆà¸²à¸‡ à¹† #OpenGov #OpenData #eGov #G0V #à¸›à¸£à¸°à¸Šà¸¸à¸¡à¸ªà¸ à¸² https://t.co/PGg17vJSEu,https://twitter.com/klaikong,https://twitter.com/klaikong/status/1192061658706825218,2019-12-28T00:49:28.896Z,#g0v
Sun Apr 28 05:05:45 +0000 2019,"@g0vtw If anyone over there can please hit me up here or on the subreddit I just created (r/g0v), I'm feeling sort of out on a limb. I'm worried I'm too removed from your movement to moderate discussion on it. #g0v",https://twitter.com/yoshemitzu47,https://twitter.com/yoshemitzu47/status/1122366269246857216,2019-12-28T00:49:28.896Z,#g0v
Sun Mar 23 07:38:45 +0000 2014,How Taiwanese youth push for better governmental websites &amp; services ? By redoing them! http://t.co/Y5FrY1vvn7 #Taiwan #g0v @moedict,https://twitter.com/Hugo_Lz,https://twitter.com/Hugo_Lz/status/447638564877004800,2019-12-28T00:49:28.896Z,#g0v
Tue Jun 23 18:34:52 +0000 2015,who ' s arrogance ? for a wedding you have to erase any other people way of life ? don ' t say it wasn ' t your direct need #g0v,https://twitter.com/BANTINGSTEER,https://twitter.com/BANTINGSTEER/status/613414939013857281,2019-12-28T00:49:28.896Z,#g0v
Thu May 08 15:01:38 +0000 2014,æ­·ç¶“ä¸€å¹´å¯Œå¥¸çš„å¤§é•·ç¯‡é€£è¼‰åœ¨ç·¨è¼¯éƒ¨å‚¬ç¨¿ä¸‹è²¼å‡ºç¬¬ä¸€å½ˆï¼Œå…¨æ–‡é–‹æºæ’°å¯«ï¼Œçœ‹å®Œé‚„å¯ä»¥é€£å»åŸç¨¿ hackpad é€è¡Œå¹¹è­™å–”ï¼ XD - é–‹å¹¹é–‹åœ˜åˆ°é–‹æºï¼šå‰å¾€ #g0v çš„å¥‡å¹»æ—…ç¨‹ã€€ç¬¬ä¸€ç« ï¼šçƒæ‰˜é‚¦çš„å®šç¾© | ETBlue å¤–æ˜Ÿäººå¯„å±…åœ°çƒ http://t.co/ZZXBVlw5PN,https://twitter.com/ETBlue,https://twitter.com/ETBlue/status/464419861787992064,2019-12-28T00:49:28.896Z,#g0v
Tue Aug 26 12:05:47 +0000 2014,#Taiwan here at #ict4s2014 with http://t.co/RIzEWdRqpu @scheeinfo @ilya @Dennisc140 @clkao @cpyang @silmaris @dongpo @darkensiva #g0v,https://twitter.com/JackTownsend_,https://twitter.com/JackTownsend_/status/504238274370871296,2019-12-28T00:49:28.896Z,#g0v
Tue Mar 25 04:00:58 +0000 2014,"not the most auspicious of choices ""@wendyfhsu: ""Weâ€™re putting on an Italian play about government right now...â€ #g0v""",https://twitter.com/SanNuvola,https://twitter.com/SanNuvola/status/448308536036966400,2019-12-28T00:49:28.896Z,#g0v
Tue Mar 25 01:14:05 +0000 2014,"Trans from #CongressOccupied: Theater Student from Tainan University: ""Weâ€™re putting on an Italian play about government right now...â€ #g0v",https://twitter.com/wfumihsu,https://twitter.com/wfumihsu/status/448266536214478848,2019-12-28T00:49:28.896Z,#g0v
Sat Sep 23 02:52:53 +0000 2017,Ttcat from g0v in Taiwan #cfjsummit #g0v https://t.co/882YM0YRoU,https://twitter.com/KiRiN_Z00,https://twitter.com/KiRiN_Z00/status/911423095017160705,2019-12-28T00:49:28.896Z,#g0v
Sat Feb 20 06:10:32 +0000 2016,50 hrs to go for g0v summit talk submission!  International Early Bird tickets now open: https://t.co/PnpsdwO1SY https://t.co/6sC0uF0niF,https://twitter.com/clkao,https://twitter.com/clkao/status/700925481474916352,2019-12-28T00:49:28.896Z,#g0v
Thu Jul 01 19:40:03 +0000 2010,#toomanypeople g0t regular b0ring ass names. #g0v --&gt;Xi0mara Guerra,https://twitter.com/WavyCubN_BXricN,https://twitter.com/WavyCubN_BXricN/status/17516102793,2019-12-28T00:49:28.896Z,#g0v
Mon Dec 10 10:38:17 +0000 2012,æœ‰æ²’æœ‰äººæƒ³éçµåˆæ•¸å…¸çš„é—œéµè©æ–·è©æœå‹™ï¼ˆ http://t.co/jcEtqCTk ï¼‰ä¾†æ•´ç†ç«‹æ³•é™¢å…¬å ±ï¼Ÿ http://t.co/Ru5XTSHh #g0vtw  #g0v,https://twitter.com/ilya,https://twitter.com/ilya/status/278086223963234304,2019-12-28T00:49:28.897Z,#g0v
Fri Jan 18 03:21:57 +0000 2013,æ²’å ±ååˆ°çš„è©±æˆ‘æœƒå‚·å¿ƒçš„ =&gt; #g0v.tw hackath1n | å°ç£é›¶æ™‚æ”¿åºœç¬¬å£¹æ¬¡å…¬åœ°æ”¾é ˜é»‘å®¢æ¾ - å°åŒ—å ´ // è€Œä¸”è¦å¹«3å€‹äººå ±å,https://twitter.com/lazurloner,https://twitter.com/lazurloner/status/292109544212021248,2019-12-28T00:49:28.897Z,#g0v
Sat Dec 15 23:45:07 +0000 2012,å¸¸ç”¨è¼»å°„ç›£æ¸¬ç·šåœ–çš„æ–°ç¶²å€ï¼ˆåœ–æ¯ 5 åˆ†é˜è‡ªå‹•æ›´æ–°ï¼‰ #g0v / â€œG0vre by g0vâ€ http://t.co/GH0Qg6N5,https://twitter.com/gugod,https://twitter.com/gugod/status/280096178975154177,2019-12-28T00:49:28.897Z,#g0v
Mon Jan 28 10:22:49 +0000 2013,#3du #g0v ä¸åˆ° 24 å°æ™‚ï¼Œã€Œğ§®«ğ¡§®ğ¢¬µã¹ ä’·é¼ä´ˆä†‰ã”¶ãŸä®ã¡›ãºä›Ÿä°–ã¯¶ã²ªã§™ä†ã˜‰ä”¿ä¤ä‰›ä«œã©ä‡“äƒ´ã©´ã£¥äŸä‹¶ä®ä¤ä¬€ä°„äš»ãºœä½ä±‡ãµ£ä„™ä¬ ã€ç­‰ä¸‰ç™¾å¤šå­—å·²å…¨æ•¸åˆæ­¥æª¢å­—å®Œç•¢ï¼Œè³‡æ–™å¾ŒçºŒæ•´ç†ä¸­ã€‚éå¸¸æ„Ÿè¬æ‰€æœ‰ Hackpad å…±ç­†æœ‹å‹çš„å¹«å¿™ï¼ m(_ _)m,https://twitter.com/audreyt,https://twitter.com/audreyt/status/295839339680784384,2019-12-28T00:49:28.897Z,#g0v
Sat Jan 26 15:58:47 +0000 2013,"è¦ºå¾—äººç”Ÿå¤ªç©ºè™›äº†ï¼Œæ‡‰è©²è¦åƒåŠ  #g0v å»è¶´ä¸€äº›ä»€éº¼é¬¼æ±è¥¿å‡ºä¾†çš„..... &gt;""&lt;",https://twitter.com/mangoice,https://twitter.com/mangoice/status/295199113782374400,2019-12-28T00:49:28.897Z,#g0v
Tue Jan 29 17:04:26 +0000 2013,"#g0v #3du.tw (æ•™è‚²éƒ¨é‡ç·¨åœ‹èªè¾­å…¸) 0.2.0 ç‰ˆæœ¬é‡‹å‡ºäº†ã€‚
1. æ–°å¢ Databases ç§»è‡³ç¨ç«‹ Add-on ï¼Œä»¥ä¾¿æœªä¾†å¯ä»¥å–®ç¨ç·šä¸Šæ˜‡ç´šè©å…¸è³‡æ–™åº«ã€‚
2. æ–°å¢ Wiktionary ç¶­åŸºè©å…¸ Add-on... http://t.co/g1vb8FIt",https://twitter.com/racklin,https://twitter.com/racklin/status/296302796750323712,2019-12-28T00:49:28.897Z,#g0v
Wed Nov 23 01:44:17 +0000 2011,@y0urxl0vex3 you love the #jgovswag once you go #g0v you never go #bacKK,https://twitter.com/SkyRizzo,https://twitter.com/SkyRizzo/status/139157288920416256,2019-12-28T00:49:28.897Z,#g0v
Sun Dec 02 07:41:24 +0000 2012,"è€å…¬å¾æ˜¨å¤©åƒåŠ  #g0v.tw é»‘å®¢é¬† https://t.co/wV4Ev1bn å›ä¾†ä»¥å¾Œå°±åƒä¸­æ¯’ä¸€æ¨£ï¼ŒåŠå¤œå·å·çˆ¬èµ·ä¾†å¯«ç¨‹å¼ï¼Œæˆ‘ä¸­åˆèµ·åºŠçš„æ™‚å€™ä»–å·²ç¶“å¼„äº†ä¸€å€‹ç¶²ç«™é¡æ¨™æ¡ˆçš„è¦–è¦ºåŒ–é é¢ï¼Œè¿«ä¸åŠå¾…çš„å‘æˆ‘ç‚«è€€ï¼Œç„¶å¾Œä¸€é‚Šåƒæ˜¨å¤©å‰©ä¸‹çš„é»å¿ƒä¸€é‚Šç¹¼çºŒå¯«ç¨‹å¼ = =""",https://twitter.com/ETBlue,https://twitter.com/ETBlue/status/275142610060980224,2019-12-28T00:49:28.897Z,#g0v
Sat Jan 26 12:01:03 +0000 2013,çµ¦è€åª½çœ‹äº† #g0v çš„æ´»å‹•ç¶²é è·Ÿæ…¨å¿µä»‹å£½å¾Œï¼Œè¦ºå¾—å¾ˆæ£’å•Šï¼,https://twitter.com/xatierlikeLee,https://twitter.com/xatierlikeLee/status/295139283994562560,2019-12-28T00:49:28.897Z,#g0v
Mon Jan 28 19:58:06 +0000 2013,"é›–ç„¶ç„¡ç·£åƒåŠ  #g0v #g0vtw , ä½†ç¸½ç®—åœ¨å½¼ç«¯ä¹Ÿé»˜é»˜è²¢ç»äº†ï¼",https://twitter.com/racklin,https://twitter.com/racklin/status/295984113981206528,2019-12-28T00:49:28.897Z,#g0v
Fri Jan 11 16:12:37 +0000 2013,ï¼ˆå»£é›»ä¸‰æ³•ç…è»Šäº‹ä»¶ï¼‰ã€Œâ€¦æ¨æ¸¬é€™æ¬¡çš„æ°‘é€²é»¨ç‰ˆæœ¬æ˜¯å¾ä¿®è¨‚ä¸­çš„ç¬¬ä¹æ¢ï¼ˆè¡Œæ”¿é™¢ç‰ˆæœ¬ï¼‰ä¿®æ”¹è€Œä¾†ï¼Œä½†å»æ¼äº†æœ¬ä¾†è¢«æ‹†åˆ°ç¬¬åæ¢çš„é»¨æ”¿è»æ¢æ¬¾ã€‚é€™æ˜¯ä¸€å€‹ä¸æœƒä½¿ç”¨ç‰ˆæœ¬æ§åˆ¶ç³»çµ±çš„ä¾‹å­ï¼Œè€Œå§”å“¡æœƒ code review çš„äººä¹Ÿéƒ½åœ¨æ··ã€‚ã€ #g0v #g0vtw https://t.co/moXMkGBs,https://twitter.com/yorkxin,https://twitter.com/yorkxin/status/289766776256995328,2019-12-28T00:50:52.125Z,#g0v
Thu Jan 10 16:39:09 +0000 2013,æ°‘é€²é»¨ç«‹é™¢é»¨åœ˜ææ¡ˆå»£é›»ä¸‰æ³•ä¿®æ­£è‰æ¡ˆçš„ diff https://t.co/2L3OypSK #g0v,https://twitter.com/yorkxin,https://twitter.com/yorkxin/status/289411064716726272,2019-12-28T00:50:52.125Z,#g0v
Mon Dec 10 15:28:58 +0000 2012,@shellingford å…ˆåˆ¥èªªé€™å€‹äº†ï¼Œä½ è½é #g0v.tw@freenode å—,https://twitter.com/hlb,https://twitter.com/hlb/status/278159378127921152,2019-12-28T00:50:52.125Z,#g0v
Sun Feb 24 04:52:31 +0000 2013,@clkao ç«‹æ³•é™¢è­°æ¡ˆ API pre-alpha - ä»Šå¤©æ˜¯åœ‹éš› open data æ—¥ï¼Œä¹Ÿä¾†éŸ¿æ‡‰ä¸€ä¸‹ï¼Œé‡‹å‡ºé›¶æ™‚æ”¿åºœç«‹æ³•é™¢çš„ API http://t.co/nE1pwKnuTB #opendataday #g0v,https://twitter.com/clkao,https://twitter.com/clkao/status/305540688437706752,2019-12-28T00:50:52.125Z,#g0v
Fri Oct 21 21:31:07 +0000 2011,@WowDudeReally lol the world gotta love us.. bt not the #g0v't...lol. haa,https://twitter.com/ChasinPros,https://twitter.com/ChasinPros/status/127497163138809857,2019-12-28T00:50:52.125Z,#g0v
Mon Jan 28 07:29:39 +0000 2013,æƒ³ æ¯é€¢ hackth1n å¿…ä¸‹é›¨ (scenic) #g0v http://t.co/qhvmn1Y5,https://twitter.com/ElfGnome,https://twitter.com/ElfGnome/status/295795758530191361,2019-12-28T00:50:52.125Z,#g0v
Fri Jan 07 03:27:07 +0000 2011,Ready 4 the qame 2mrrw. #G0V.I.K.I.N.G.S!!!!,https://twitter.com/BeautyLovesBRI_,https://twitter.com/BeautyLovesBRI_/status/23219048074448896,2019-12-28T00:50:52.125Z,#g0v
Mon Mar 04 09:25:57 +0000 2013,#g0v hackath2n: å°ç£é›¶æ™‚æ”¿åºœã€Œç¬¬è²³æ¬¡ä¹å¤§å»ºè¨­é»‘å®¢æ¾ã€(å°åŒ—) å°‡åœ¨ 2013-03-23(å…­) èˆ‰è¡Œã€‚é è¨ˆ 3/12 12:00 é–‹æ”¾å ±åã€‚å…¶ä»–æ´»å‹•è©³æƒ…å°‡åœ¨æœ¬é€±å…¬å¸ƒã€‚,https://twitter.com/clkao,https://twitter.com/clkao/status/308508604569370625,2019-12-28T00:50:52.125Z,#g0v
Fri Feb 01 22:07:44 +0000 2013,#g0v #3du.tw Moe Dictionary èŒå…¸é›¢ç·šæ¸¬è©¦ç‰ˆ for Android (offline) é‡‹å‡º: https://t.co/5VYARpr2,https://twitter.com/audreyt,https://twitter.com/audreyt/status/297466289058897920,2019-12-28T00:50:52.125Z,#g0v
Fri Nov 30 11:00:40 +0000 2012,.@scheeinfo @ilya @Dennisc140 @clkao @cpyang @silmaris @dongpo @darkensiva Have a great #hackathon! http://t.co/oXkWu2J7 #g0v #Taiwan @OKFN,https://twitter.com/JackTownsend_,https://twitter.com/JackTownsend_/status/274467979310297088,2019-12-28T00:50:52.125Z,#g0v
Sun Jan 27 09:03:51 +0000 2013,å°ç£é›¶æ™‚æ”¿åºœç¬¬å£¹æ¬¡å…¬åœ°æ”¾é ˜é»‘å®¢é Œ https://t.co/uTrBqcPV #g0v.tw #Taichung,https://twitter.com/mrmoneyc,https://twitter.com/mrmoneyc/status/295457077529280512,2019-12-28T00:50:52.125Z,#g0v
Wed Dec 26 15:58:08 +0000 2012,"@godfat @yorkxin @ETBlue æ²’éŒ¯, éƒ½æ˜¯å¦‚ä½•è¡¨é”çš„å•é¡Œ, #g0v çš„å°ˆæ¡ˆä¹Ÿæ˜¯å¡åœ¨æ¥ä¸‹ä¾†è¦å¦‚ä½•è¡¨é”æ‰å¥½ #off_topic",https://twitter.com/tkalu,https://twitter.com/tkalu/status/283964924437356545,2019-12-28T00:50:52.125Z,#g0v
Mon Dec 24 07:15:41 +0000 2012,http://t.co/FW4QXGFj Cannot GET /auth/twitter #g0v.tw,https://twitter.com/ilya,https://twitter.com/ilya/status/283108671473459200,2019-12-28T00:50:52.125Z,#g0v
Sat Dec 01 09:35:21 +0000 2012,"ç”¨ slimframework ç•¶ routing, idiorm ORM, paris ActiveRecord çµ„äº†ä¸€å€‹è¼•é‡æ¡†æ¶...æ•ˆæœé‚„ä¸éŒ¯ #g0v.tw",https://twitter.com/hSATAC,https://twitter.com/hSATAC/status/274808896181374976,2019-12-28T00:50:52.125Z,#g0v
Thu Oct 20 02:23:11 +0000 2011,What Rhymes With G0v... http://t.co/1tUXvRUU #rhyme #g0v,https://twitter.com/RhymeAnything,https://twitter.com/RhymeAnything/status/126845891679227904,2019-12-28T00:50:52.125Z,#g0v
Wed Feb 29 01:22:38 +0000 2012,Good job today booiiii's ;D #G0V!K!NG$. ğŸ€,https://twitter.com/madieklecz,https://twitter.com/madieklecz/status/174665850618519552,2019-12-28T00:50:52.125Z,#g0v
Sat Dec 01 02:16:24 +0000 2012,ä»Šå¤©å¥½å¤š python çš„ç”¨æˆ¶ #g0v.tw,https://twitter.com/tkalu,https://twitter.com/tkalu/status/274698432436912128,2019-12-28T00:50:52.125Z,#g0v
Thu Jan 31 05:17:50 +0000 2013,#g0v #3du report by @c9s: å°ç£é›¶æ™‚æ”¿åºœç¬¬å£¹æ¬¡å…¬åœ°æ”¾é ˜é»‘å®¢æ¾æ´»å‹•å ±å° é‚„æ–‡æ–¼æ°‘ http://t.co/U6N3vk3c,https://twitter.com/clkao,https://twitter.com/clkao/status/296849750483951616,2019-12-28T00:50:52.125Z,#g0v
Sun Dec 16 16:35:25 +0000 2012,å¤ªæœ‰è¶£äº† MT @markplace @clkao 2013 å¹´ä¸€æœˆåº•é è¨ˆèˆ‰è¾¦ï¼š#g0v hackath1n - å°ç£é›¶æ™‚æ”¿åºœç¬¬å£¹æ¬¡å…¬åœ°æ”¾é ˜é»‘å®¢æ¾ from é›¶æ™‚æ”¿åºœå…¬å ± ç¬¬0æœŸ - https://t.co/gFH4Q8QJ,https://twitter.com/swinbetween,https://twitter.com/swinbetween/status/280350429961920512,2019-12-28T00:50:52.125Z,#g0v
Mon Dec 03 15:10:36 +0000 2012,åƒåŠ  #g0v.tw å¾Œç™¼ç¾ http://t.co/XNN7O6AH çœŸçš„å¾ˆå¥½ç”¨ &gt;o&lt;,https://twitter.com/ETBlue,https://twitter.com/ETBlue/status/275618039750332416,2019-12-28T00:50:52.125Z,#g0v
Sat Jan 26 03:26:21 +0000 2013,æ˜å¤©æƒ³è¦å»é›¶æ™‚æ”¿åºœç¬¬å£¹æ¬¡å…¬åœ°æ”¾é ˜ï¼Œé«˜é›„å ´æ¬¡çš„ï¼Œå¯æ˜¯ç‚ºä»€éº¼é€™æ™‚å€™æ²’æœ‰ç­†é›»ï¼Œçœ‹è‘—æ˜Ÿå§å…‹è£¡é¢é‚£äº›ç”¨mbpä¸Šfacebookçš„é„‰æ°‘ï¼Œå¥½æƒ³å«ä»–çµ¦æˆ‘ï¼ #g0v,https://twitter.com/80ssundries,https://twitter.com/80ssundries/status/295009756819628033,2019-12-28T00:50:52.125Z,#g0v
Sat Jan 26 10:23:03 +0000 2013,é‚„æ–‡æ–¼æ°‘: http://t.co/nKJLhqCI # é åœ¨ç±³åœ‹çš„ pingooo å³å°‡æˆç«‹ 3du.tw (é›¶æ™‚æ”¿åºœæ•™è‚²éƒ¨?) éŸ¿æ‡‰ #g0v é»‘å®¢æ¾!,https://twitter.com/clkao,https://twitter.com/clkao/status/295114622913101824,2019-12-28T00:50:52.125Z,#g0v
Fri Jan 07 12:23:59 +0000 2011,Im readyy 2 see myi bruh. & watch him playy in da qame. #G0V.I.K.I.N.G.S!!!!,https://twitter.com/BeautyLovesBRI_,https://twitter.com/BeautyLovesBRI_/status/23354154655158272,2019-12-28T00:50:52.125Z,#g0v
Fri Jan 25 18:26:07 +0000 2013,åŸå¸‚æ ¼å±€: ç«‹å§”ç¾å½¢è¨˜ http://t.co/qSbwYDCA #g0v,https://twitter.com/sntc06,https://twitter.com/sntc06/status/294873800183525376,2019-12-28T00:50:52.125Z,#g0v
Sun Jan 27 13:40:49 +0000 2013,ç´¯ç¿»äº†ï¼Œä½†çœ‹åˆ°å„è·¯äººé¦¬ä¸€èµ· hack å„ç¨® project å¯¦åœ¨è¶…é–‹å¿ƒï¼æ„Ÿè¬æ‰€æœ‰å¹«å¿™è·Ÿåƒèˆ‡çš„æœ‹å‹å€‘ï¼ *bow* #g0v,https://twitter.com/clkao,https://twitter.com/clkao/status/295526781249798146,2019-12-28T00:50:52.125Z,#g0v
Fri Jan 04 00:12:06 +0000 2013,ä»¥å‰æœ‰æ–‡äººè©•æ”¿æ²»ï¼Œç¾åœ¨æ˜¯ä¸æ˜¯æŒ‰æŒ‰è®šå°±æ²’äº‹äº†å‘¢ã€‚è¦æœ‰äº›æ”¹è®Šï¼Œæœ€å¥½é‚„æ˜¯ä¾†æ open data #g0v // ä¸–ç•Œæ–°èç¶² - æ‡·å¿µå‚…æ–¯å¹´å’Œè”£ä»‹çŸ³,https://twitter.com/gugod,https://twitter.com/gugod/status/286988340006354944,2019-12-28T00:50:52.125Z,#g0v
Sat Dec 01 02:30:51 +0000 2012,I'm at #g0v.tw hackathon!!,https://twitter.com/idryman,https://twitter.com/idryman/status/274702069594734593,2019-12-28T00:50:52.125Z,#g0v
Fri Aug 19 12:29:26 +0000 2011,"Children in poverty,  #G0v Bob?  What about providing health insurance to them?  It's not about the break up of the family.",https://twitter.com/CarolDWoodward,https://twitter.com/CarolDWoodward/status/104530410507218944,2019-12-28T00:50:52.125Z,#g0v
Sat Mar 02 18:22:51 +0000 2013,ç«‹æ³•é™¢å„å§”å“¡æœƒæœƒè­°ç´€éŒ„ç´”æ–‡å­—æª” https://t.co/a1xPYvyuqQ #g0v #ly #taiwan,https://twitter.com/clkao,https://twitter.com/clkao/status/307918942704369664,2019-12-28T00:50:52.125Z,#g0v
Sun Jan 13 16:11:01 +0000 2013,Clay Shirky: How the Internet will (one day) transform government | Video on http://t.co/wWjyu3MC http://t.co/EQUzvxFq #g0v #git,https://twitter.com/yorkxin,https://twitter.com/yorkxin/status/290491150379405313,2019-12-28T00:50:52.125Z,#g0v
Sun Jan 27 01:39:49 +0000 2013,é‚Šæ”¾ #g0v å¯¦æ³é‚Šè·‘ rails for zombie,https://twitter.com/myread02,https://twitter.com/myread02/status/295345332353642496,2019-12-28T00:50:52.125Z,#g0v
Mon Jan 28 09:03:08 +0000 2013,è½‰å™— ç¬¨è²“ Yao Wei:  [RT] @audreyt: #3du #g0v ç›®å‰éœ€è¦å¹«å¿™çš„æ˜¯æŠŠæ•™è‚²éƒ¨çš„é€ å­—å’Œå¯¦å­—æ•´åˆï¼šhttps://t.co/Lv3EHxLU... http://t.co/SHeNmj0x,https://twitter.com/chusiang_lai,https://twitter.com/chusiang_lai/status/295819286545571841,2019-12-28T00:50:52.125Z,#g0v
Sun Jan 27 01:05:41 +0000 2013,è¦å»é ˜å…¬åœ° #g0v (@ é«˜é›„æ·é‹å·¦ç‡Ÿ/é«˜éµç«™ KMRT Zuoying/THSR Station (R16)) [pic]: http://t.co/mE2UfZs6,https://twitter.com/80ssundries,https://twitter.com/80ssundries/status/295336744356814849,2019-12-28T00:50:52.125Z,#g0v
Sun Jan 27 17:43:53 +0000 2013,"#3du #g0v ç›®å‰éœ€è¦å¹«å¿™çš„æ˜¯æŠŠæ•™è‚²éƒ¨çš„é€ å­—å’Œå¯¦å­—æ•´åˆï¼šhttps://t.co/qdTOdbVB æ­¡è¿åŠ å…¥ç·¨è¼¯ã€‚ä¹‹å‰æœ‰æ‰¾åˆ°çš„ï¼Œä¾‹å¦‚ 966a æ˜¯ï¼œå¹½æ‡·è³¦ï¼ä½œè€…æç¿¶çš„ã€Œç¿¶ã€ï¼Œfa4c æ˜¯ï¼œé­¯èªä¸Šï¼ç½œä¡çš„ã€Œä¡ã€ç­‰ï¼Œä¹Ÿæ­¡è¿å¤§å®¶æ ¡è¨‚ï¼š
https://t.co/GeoosBaF",https://twitter.com/audreyt,https://twitter.com/audreyt/status/295587949083500544,2019-12-28T00:50:52.125Z,#g0v
Wed Jan 23 05:14:11 +0000 2013,http://t.co/nSp3NpKZ #CodeForTomorrow #g0v,https://twitter.com/JediLin,https://twitter.com/JediLin/status/293949731518939136,2019-12-28T00:50:52.125Z,#g0v
Sat Jan 26 10:17:21 +0000 2013,pingä¸è¦‹è·¯: é‚„æ–‡æ–¼æ°‘ http://t.co/31JOvwhG #opendata #g0v.tw,https://twitter.com/chandrew_tw,https://twitter.com/chandrew_tw/status/295113186116513792,2019-12-28T00:50:52.125Z,#g0v
Tue Jul 24 14:18:37 +0000 2012,#G0v vi. On GGV sa sunday haha zo egggzzzo0o0iitted! @vicegandako,https://twitter.com/BkOnlygirl,https://twitter.com/BkOnlygirl/status/227769761948368896,2019-12-28T00:50:52.125Z,#g0v
Sat Feb 16 18:59:29 +0000 2013,http://t.co/AzRkgzHK èŒå…¸æ–°å¢è¿‘ä¼¼è©ã€åç¾©è©æ¬„ä½ï¼Œè‡³æ­¤æ‡‰å’ŒåŸç¶²ç«™çš„è³‡è¨Šç›¸åŒã€‚ï¼ˆæŒ‰å·¦ä¸‹è§’å¯åæŸ¥æ¯”å°ã€‚ï¼‰#3du #g0v,https://twitter.com/audreyt,https://twitter.com/audreyt/status/302854731993317376,2019-12-28T00:50:52.125Z,#g0v
Thu Nov 10 15:24:10 +0000 2011,#G0V X-Mas Tree Tax Don't even think about it! I mean really... who really needs this  prom? Let the growers have their  own promo!,https://twitter.com/KeelDrahcir,https://twitter.com/KeelDrahcir/status/134652577118818304,2019-12-28T00:50:52.125Z,#g0v
Wed Feb 06 23:51:20 +0000 2013,http://t.co/iD9RfRl3 æŸ¥è©¢æ•™è‚²éƒ¨åœ‹èªè¾­å…¸çš„æ–°æ–¹æ³• #g0v http://t.co/pV8wzanJ,https://twitter.com/mcdlee,https://twitter.com/mcdlee/status/299304300222509056,2019-12-28T00:50:52.125Z,#g0v
Thu Dec 27 06:37:40 +0000 2012,#g0v æ”¿åºœæ©Ÿé—œå–®ä½åˆ—è¡¨ç›®å‰çš„ç ”ç©¶é€²åº¦åˆ°é€™é‚Šï¼Œè©²æ­»çš„ Big5ï¼šhttp://t.co/K7vf5KRS,https://twitter.com/timdream,https://twitter.com/timdream/status/284186264348024832,2019-12-28T00:50:52.125Z,#g0v
Thu Jan 24 01:32:40 +0000 2013,tkirby çš„æ”å½±ä½œå“ï¼Œæ§‹åœ–è±å¯Œï¼Œå–æ™¯å¤šå…ƒï¼Œè‰²å½©ç”Ÿå‹•ï¼Œè¶…ç´°å¿ƒè¶…å°ˆæ¥­çš„æ”å½±å¸«ï¼æƒ³èªè­˜ kirby å—ï¼Ÿæ­¡è¿åƒåŠ  #g0v é»‘å®¢æ¾ï¼ˆå’¦ï¼‰ã€ŒWeb Conference Taiwan / 2013 å°ç£ç¶²é æŠ€è¡“ç ”è¨æœƒ Â« Kirbyã€ http://t.co/3mnPkdNy,https://twitter.com/ETBlue,https://twitter.com/ETBlue/status/294256372953006080,2019-12-28T00:50:52.125Z,#g0v