tweetDate,twitterId,handle,profileUser,name,tweetLink,timestamp,query
2020-06-29T07:15:56.000Z,3812034735,EstoniaInvest,https://twitter.com/EstoniaInvest,Invest in Estonia,https://twitter.com/EstoniaInvest/status/1277501035205050368,2020-07-11T05:45:43.953Z,https://twitter.com/Adcash
2020-06-26T07:41:02.000Z,4798564481,web_chucknorris,https://twitter.com/web_chucknorris,Web Ninja,https://twitter.com/web_chucknorris/status/1276420189958135809,2020-07-11T05:45:43.953Z,https://twitter.com/Adcash
2020-06-20T01:05:02.000Z,33033381,PDWarwick,https://twitter.com/PDWarwick,Peter D Warwick,https://twitter.com/PDWarwick/status/1274146205669511169,2020-07-11T05:45:43.953Z,https://twitter.com/Adcash
2020-06-19T16:09:20.000Z,5664562,zacjohnson,https://twitter.com/zacjohnson,Zac Johnson,https://twitter.com/zacjohnson/status/1274011391561740289,2020-07-11T05:45:43.953Z,https://twitter.com/Adcash
2020-06-17T06:46:23.000Z,1214841978086662144,lemonadsGroup,https://twitter.com/lemonadsGroup,Lemonads,https://twitter.com/lemonadsGroup/status/1273144946762096642,2020-07-11T05:45:43.953Z,https://twitter.com/Adcash
2020-06-11T10:40:30.000Z,525583390,click_dealer,https://twitter.com/click_dealer,ClickDealer,https://twitter.com/click_dealer/status/1271029537158107136,2020-07-11T05:45:43.953Z,https://twitter.com/Adcash
2020-06-10T16:46:01.000Z,114608655,BrochureBuilder,https://twitter.com/BrochureBuilder,BrochureBuilders.com,https://twitter.com/BrochureBuilder/status/1270759134208630787,2020-07-11T05:45:43.953Z,https://twitter.com/Adcash
2020-05-20T07:04:02.000Z,924306066967613441,sanjayguptabgs,https://twitter.com/sanjayguptabgs,Sanjay Gupta,https://twitter.com/sanjayguptabgs/status/1263002528289079296,2020-07-11T05:45:43.953Z,https://twitter.com/Adcash
2020-04-13T17:23:15.000Z,486610293,MattWoodwardUK,https://twitter.com/MattWoodwardUK,Matthew Woodward,https://twitter.com/MattWoodwardUK/status/1249750006602612742,2020-07-11T05:45:43.953Z,https://twitter.com/Adcash
2020-04-13T00:59:50.000Z,486610293,MattWoodwardUK,https://twitter.com/MattWoodwardUK,Matthew Woodward,https://twitter.com/MattWoodwardUK/status/1249502523804786688,2020-07-11T05:45:43.953Z,https://twitter.com/Adcash
2020-04-11T08:21:54.000Z,486610293,MattWoodwardUK,https://twitter.com/MattWoodwardUK,Matthew Woodward,https://twitter.com/MattWoodwardUK/status/1248888994802393089,2020-07-11T05:45:43.953Z,https://twitter.com/Adcash
2020-04-10T14:29:38.000Z,385262246,Servando_Silva,https://twitter.com/Servando_Silva,Servando Silva,https://twitter.com/Servando_Silva/status/1248619151293177856,2020-07-11T05:45:43.953Z,https://twitter.com/Adcash
2020-04-09T15:37:01.000Z,351582196,Adcash,https://twitter.com/Adcash,Adcash,https://twitter.com/Adcash/status/1248273721485340672,2020-07-11T05:45:43.954Z,https://twitter.com/Adcash
2020-04-02T14:14:15.000Z,5664562,zacjohnson,https://twitter.com/zacjohnson,Zac Johnson,https://twitter.com/zacjohnson/status/1245716177889959937,2020-07-11T05:45:43.953Z,https://twitter.com/Adcash
2020-04-01T16:20:28.000Z,385262246,Servando_Silva,https://twitter.com/Servando_Silva,Servando Silva,https://twitter.com/Servando_Silva/status/1245385553098477573,2020-07-11T05:45:43.954Z,https://twitter.com/Adcash
2020-04-01T14:20:01.000Z,14704470,Outbrain,https://twitter.com/Outbrain,Outbrain,https://twitter.com/Outbrain/status/1245355241190690818,2020-07-11T05:45:43.954Z,https://twitter.com/Adcash
2020-04-01T12:35:06.000Z,486610293,MattWoodwardUK,https://twitter.com/MattWoodwardUK,Matthew Woodward,https://twitter.com/MattWoodwardUK/status/1245328835542990849,2020-07-11T05:45:43.953Z,https://twitter.com/Adcash
2020-03-30T14:28:42.000Z,5664562,zacjohnson,https://twitter.com/zacjohnson,Zac Johnson,https://twitter.com/zacjohnson/status/1244632648959627266,2020-07-11T05:45:43.953Z,https://twitter.com/Adcash
2020-03-16T15:27:52.000Z,1021085665373671424,stackedmarketer,https://twitter.com/stackedmarketer,Stacked Marketer,https://twitter.com/stackedmarketer/status/1239574110381867008,2020-07-11T05:45:43.953Z,https://twitter.com/Adcash
2020-03-16T09:24:43.000Z,103021125,e_estonia,https://twitter.com/e_estonia,e-Estonia,https://twitter.com/e_estonia/status/1239482721392525312,2020-07-11T05:45:43.953Z,https://twitter.com/Adcash
2020-03-12T14:39:33.000Z,5664562,zacjohnson,https://twitter.com/zacjohnson,Zac Johnson,https://twitter.com/zacjohnson/status/1238112399900708864,2020-07-11T05:45:43.953Z,https://twitter.com/Adcash
2019-03-06T16:33:31.000Z,486610293,MattWoodwardUK,https://twitter.com/MattWoodwardUK,Matthew Woodward,https://twitter.com/MattWoodwardUK/status/1103332795307442176,2020-07-11T05:45:43.953Z,https://twitter.com/Adcash
2020-03-10T06:02:44.000Z,3812034735,EstoniaInvest,https://twitter.com/EstoniaInvest,Invest in Estonia,https://twitter.com/EstoniaInvest/status/1237257561105215489,2020-07-11T05:45:45.944Z,https://twitter.com/Adcash
2020-02-21T10:00:00.000Z,5120691,wef,https://twitter.com/wef,World Economic Forum,https://twitter.com/wef/status/1230794289468334080,2020-07-11T05:45:45.943Z,https://twitter.com/Adcash
2019-11-28T13:07:44.000Z,19533043,jargonpr,https://twitter.com/jargonpr,Jargon PR,https://twitter.com/jargonpr/status/1200038564974747649,2020-07-11T05:45:45.943Z,https://twitter.com/Adcash
2019-10-30T12:35:08.000Z,949228828324331520,Toolbox_Market,https://twitter.com/Toolbox_Market,Toolbox for Marketing,https://twitter.com/Toolbox_Market/status/1189521114084659200,2020-07-11T05:45:45.944Z,https://twitter.com/Adcash
2019-10-18T13:15:12.000Z,949228828324331520,Toolbox_Market,https://twitter.com/Toolbox_Market,Toolbox for Marketing,https://twitter.com/Toolbox_Market/status/1185182542225432577,2020-07-11T05:45:45.943Z,https://twitter.com/Adcash
2019-10-14T10:06:34.000Z,852538664458571776,ucompares,https://twitter.com/ucompares,uCompares,https://twitter.com/ucompares/status/1183685520657960962,2020-07-11T05:45:45.943Z,https://twitter.com/Adcash
2019-10-10T09:36:46.000Z,2593336502,MasterUnicAssas,https://twitter.com/MasterUnicAssas,Master Unic Assas,https://twitter.com/MasterUnicAssas/status/1182228468647550976,2020-07-11T05:45:45.943Z,https://twitter.com/Adcash
2019-10-10T09:15:33.000Z,2593336502,MasterUnicAssas,https://twitter.com/MasterUnicAssas,Master Unic Assas,https://twitter.com/MasterUnicAssas/status/1182223129176940545,2020-07-11T05:45:45.943Z,https://twitter.com/Adcash
2019-10-01T11:47:06.000Z,19533043,jargonpr,https://twitter.com/jargonpr,Jargon PR,https://twitter.com/jargonpr/status/1178999777264115712,2020-07-11T05:45:45.944Z,https://twitter.com/Adcash
2019-09-10T09:07:23.000Z,14242326,plista,https://twitter.com/plista,plista,https://twitter.com/plista/status/1171349440197795840,2020-07-11T05:45:45.943Z,https://twitter.com/Adcash
2019-09-10T09:05:44.000Z,741542488893206528,jicwebs,https://twitter.com/jicwebs,JICWEBS,https://twitter.com/jicwebs/status/1171349022361235457,2020-07-11T05:45:45.944Z,https://twitter.com/Adcash
2019-09-10T08:57:36.000Z,1044490229703475200,NewDigitalAge1,https://twitter.com/NewDigitalAge1,NewDigitalAge,https://twitter.com/NewDigitalAge1/status/1171346977029861376,2020-07-11T05:45:45.944Z,https://twitter.com/Adcash
2019-09-10T08:38:35.000Z,594587570,NetcentricHQ,https://twitter.com/NetcentricHQ,"Netcentric, A Cognizant Digital Business",https://twitter.com/NetcentricHQ/status/1171342189407981569,2020-07-11T05:45:45.944Z,https://twitter.com/Adcash
2019-09-10T06:16:00.000Z,70416004,sbuscemi,https://twitter.com/sbuscemi,Stephanie Buscemi,https://twitter.com/sbuscemi/status/1171306307686518790,2020-07-11T05:45:45.944Z,https://twitter.com/Adcash
2019-09-09T14:12:05.000Z,17038370,dmexco,https://twitter.com/dmexco,DMEXCO,https://twitter.com/dmexco/status/1171063731666792449,2020-07-11T05:45:45.944Z,https://twitter.com/Adcash
2019-09-06T09:22:43.000Z,294601094,inpsyde,https://twitter.com/inpsyde,inpsyde,https://twitter.com/inpsyde/status/1169903747293564929,2020-07-11T05:45:45.944Z,https://twitter.com/Adcash
2019-09-06T06:56:38.000Z,18502766,catherine_mayer,https://twitter.com/catherine_mayer,Catherine Mayer,https://twitter.com/catherine_mayer/status/1169866984135069698,2020-07-11T05:45:45.943Z,https://twitter.com/Adcash
2019-09-05T12:37:48.000Z,87132574,contentcloud,https://twitter.com/contentcloud,CoreMedia Content Cloud,https://twitter.com/contentcloud/status/1169590451214663680,2020-07-11T05:45:45.944Z,https://twitter.com/Adcash
2019-08-20T16:00:06.000Z,86395621,NVIDIAGeForce,https://twitter.com/NVIDIAGeForce,NVIDIA GeForce,https://twitter.com/NVIDIAGeForce/status/1163843158310043648,2020-07-11T05:45:45.943Z,https://twitter.com/Adcash
2019-08-20T15:59:43.000Z,821102114,CyberpunkGame,https://twitter.com/CyberpunkGame,Cyberpunk 2077,https://twitter.com/CyberpunkGame/status/1163843059299360768,2020-07-11T05:45:45.944Z,https://twitter.com/Adcash
2019-08-20T13:05:19.000Z,57046942,gamescom,https://twitter.com/gamescom,gamescom,https://twitter.com/gamescom/status/1163799171381518337,2020-07-11T05:45:45.943Z,https://twitter.com/Adcash
2019-08-20T11:30:45.000Z,1151357984,Pere_Kun,https://twitter.com/Pere_Kun,philo,https://twitter.com/Pere_Kun/status/1163775372426698753,2020-07-11T05:45:45.944Z,https://twitter.com/Adcash
2019-08-20T10:00:31.000Z,23135183,NeedforSpeed,https://twitter.com/NeedforSpeed,Need for Speed,https://twitter.com/NeedforSpeed/status/1163752667002392576,2020-07-11T05:45:45.943Z,https://twitter.com/Adcash
2019-08-20T07:50:11.000Z,48472734,pjpkowski,https://twitter.com/pjpkowski,≈Åukasz Babiel,https://twitter.com/pjpkowski/status/1163719865577988096,2020-07-11T05:45:45.944Z,https://twitter.com/Adcash
2019-08-20T07:28:49.000Z,2876633733,FinalXV,https://twitter.com/FinalXV,Ouji,https://twitter.com/FinalXV/status/1163714487695921152,2020-07-11T05:45:45.944Z,https://twitter.com/Adcash
2019-08-20T07:15:22.000Z,17142625,NintenDaan,https://twitter.com/NintenDaan,Daan Koopman,https://twitter.com/NintenDaan/status/1163711105644056576,2020-07-11T05:45:45.944Z,https://twitter.com/Adcash
2019-08-14T15:07:30.000Z,17812636,MarketTechNews,https://twitter.com/MarketTechNews,Marketing Tech,https://twitter.com/MarketTechNews/status/1161655594513838080,2020-07-11T05:45:45.944Z,https://twitter.com/Adcash
2019-08-14T01:01:40.000Z,2436309440,Digital_Ad_Blog,https://twitter.com/Digital_Ad_Blog,DigitalAdBlog,https://twitter.com/Digital_Ad_Blog/status/1161442729961906176,2020-07-11T05:45:45.944Z,https://twitter.com/Adcash
2019-07-09T10:33:08.000Z,948483572930924544,VENE_io,https://twitter.com/VENE_io,vene,https://twitter.com/VENE_io/status/1148540584136716289,2020-07-11T05:45:45.943Z,https://twitter.com/Adcash
2019-07-09T08:39:36.000Z,3510325756,myepayments,https://twitter.com/myepayments,ePayments,https://twitter.com/myepayments/status/1148512009971019776,2020-07-11T05:45:45.944Z,https://twitter.com/Adcash
2019-07-09T08:35:04.000Z,478686879,CrakRevenue,https://twitter.com/CrakRevenue,CrakRevenue,https://twitter.com/CrakRevenue/status/1148510871968210944,2020-07-11T05:45:45.943Z,https://twitter.com/Adcash
2019-07-09T07:10:09.000Z,266002933,Fira_Barcelona,https://twitter.com/Fira_Barcelona,Fira Barcelona,https://twitter.com/Fira_Barcelona/status/1148489500299018240,2020-07-11T05:45:45.944Z,https://twitter.com/Adcash
2019-07-09T06:24:49.000Z,1104681005351297024,ChronosAgency_,https://twitter.com/ChronosAgency_,Chronos Agency | Done-For-You Email Marketing,https://twitter.com/ChronosAgency_/status/1148478090017828865,2020-07-11T05:45:45.943Z,https://twitter.com/Adcash
2019-07-08T18:02:55.000Z,1225755696,market_cube,https://twitter.com/market_cube,Market Cube,https://twitter.com/market_cube/status/1148291384757145601,2020-07-11T05:45:45.944Z,https://twitter.com/Adcash
2019-07-08T15:30:13.000Z,718100540832530432,BeRushAffiliate,https://twitter.com/BeRushAffiliate,BeRush,https://twitter.com/BeRushAffiliate/status/1148252959169482752,2020-07-11T05:45:45.943Z,https://twitter.com/Adcash
2019-07-08T13:24:52.000Z,846697683305861120,terra_leads,https://twitter.com/terra_leads,TerraLeads,https://twitter.com/terra_leads/status/1148221413557493760,2020-07-11T05:45:45.943Z,https://twitter.com/Adcash
2019-07-08T13:03:39.000Z,47323021,expertsender,https://twitter.com/expertsender,ExpertSender,https://twitter.com/expertsender/status/1148216074778939397,2020-07-11T05:45:45.943Z,https://twitter.com/Adcash
2019-07-08T12:39:16.000Z,364244604,yieldkit,https://twitter.com/yieldkit,YIELDKIT,https://twitter.com/yieldkit/status/1148209937245454337,2020-07-11T05:45:45.944Z,https://twitter.com/Adcash
2019-07-08T12:25:31.000Z,922835747937357825,carVertical_com,https://twitter.com/carVertical_com,carVertical,https://twitter.com/carVertical_com/status/1148206477217337344,2020-07-11T05:45:45.943Z,https://twitter.com/Adcash
2019-07-08T12:22:31.000Z,989420705455460352,Digital__Chain,https://twitter.com/Digital__Chain,Digital Chain Agency,https://twitter.com/Digital__Chain/status/1148205723156963334,2020-07-11T05:45:45.943Z,https://twitter.com/Adcash
2019-07-08T12:00:08.000Z,1120677084676931584,sureyield,https://twitter.com/sureyield,sureyield,https://twitter.com/sureyield/status/1148200088948396033,2020-07-11T05:45:45.944Z,https://twitter.com/Adcash
2019-07-08T11:29:39.000Z,923478280367427585,runativeads,https://twitter.com/runativeads,runative,https://twitter.com/runativeads/status/1148192416769425408,2020-07-11T05:45:45.943Z,https://twitter.com/Adcash
2019-07-08T11:16:52.000Z,3116795022,AWConferences,https://twitter.com/AWConferences,AFFILIATE WORLD,https://twitter.com/AWConferences/status/1148189202405830657,2020-07-11T05:45:45.944Z,https://twitter.com/Adcash
2019-07-08T10:57:40.000Z,1464070590,Dimoco,https://twitter.com/Dimoco,DIMOCO,https://twitter.com/Dimoco/status/1148184371154837504,2020-07-11T05:45:45.944Z,https://twitter.com/Adcash
2019-07-08T10:48:16.000Z,2865565708,TrafficStars,https://twitter.com/TrafficStars,trafficstars,https://twitter.com/TrafficStars/status/1148182005013766144,2020-07-11T05:45:45.943Z,https://twitter.com/Adcash
2019-07-08T09:55:48.000Z,214216048,Online_top_up,https://twitter.com/Online_top_up,CY.SEND Online TopUp,https://twitter.com/Online_top_up/status/1148168798358388737,2020-07-11T05:45:45.943Z,https://twitter.com/Adcash
2019-07-08T09:45:32.000Z,3510325756,myepayments,https://twitter.com/myepayments,ePayments,https://twitter.com/myepayments/status/1148166215128571904,2020-07-11T05:45:45.943Z,https://twitter.com/Adcash
2019-07-08T09:37:22.000Z,1125736079485804546,NetoPartners_AP,https://twitter.com/NetoPartners_AP,NetoPartners,https://twitter.com/NetoPartners_AP/status/1148164159382740992,2020-07-11T05:45:45.943Z,https://twitter.com/Adcash
2019-07-08T09:07:35.000Z,2853372327,mourkousis,https://twitter.com/mourkousis,Georgios Mourkousis,https://twitter.com/mourkousis/status/1148156666292166656,2020-07-11T05:45:45.943Z,https://twitter.com/Adcash
2019-07-08T08:40:35.000Z,1054683409962950656,AdspadeMedia,https://twitter.com/AdspadeMedia,Adspade,https://twitter.com/AdspadeMedia/status/1148149872211742721,2020-07-11T05:45:45.944Z,https://twitter.com/Adcash
2019-07-08T07:22:33.000Z,1025315976672358401,FactoryMarion,https://twitter.com/FactoryMarion,Marion Traffic Factory,https://twitter.com/FactoryMarion/status/1148130233142452224,2020-07-11T05:45:45.944Z,https://twitter.com/Adcash
2019-07-08T05:31:55.000Z,933568820761022464,PowerADSpy,https://twitter.com/PowerADSpy,PowerADSpy,https://twitter.com/PowerADSpy/status/1148102391901937664,2020-07-11T05:45:45.944Z,https://twitter.com/Adcash
2019-07-07T15:53:01.000Z,1044139746300186625,MoneyNetint,https://twitter.com/MoneyNetint,MoneyNetint,https://twitter.com/MoneyNetint/status/1147896307337576449,2020-07-11T05:45:45.944Z,https://twitter.com/Adcash
2019-07-07T10:05:12.000Z,234122832,PSWEvents,https://twitter.com/PSWEvents,PSW Events Ltd,https://twitter.com/PSWEvents/status/1147808778722693120,2020-07-11T05:45:45.943Z,https://twitter.com/Adcash
2019-07-06T10:48:59.000Z,860085312,Chargebacks911,https://twitter.com/Chargebacks911,Chargebacks911,https://twitter.com/Chargebacks911/status/1147457408819769344,2020-07-11T05:45:45.944Z,https://twitter.com/Adcash
2019-07-05T23:40:21.000Z,109416775,monetizemore,https://twitter.com/monetizemore,MonetizeMore,https://twitter.com/monetizemore/status/1147289142910423040,2020-07-11T05:45:45.944Z,https://twitter.com/Adcash
2019-07-05T12:39:22.000Z,905792214307102720,xcashdotcom,https://twitter.com/xcashdotcom,XCash,https://twitter.com/xcashdotcom/status/1147122799804334080,2020-07-11T05:45:45.943Z,https://twitter.com/Adcash
2019-07-05T11:12:24.000Z,2332232630,tapmyads,https://twitter.com/tapmyads,TapMyAds,https://twitter.com/tapmyads/status/1147100912785117185,2020-07-11T05:45:45.944Z,https://twitter.com/Adcash
2019-07-05T10:53:54.000Z,923478280367427585,runativeads,https://twitter.com/runativeads,runative,https://twitter.com/runativeads/status/1147096259200716800,2020-07-11T05:45:45.943Z,https://twitter.com/Adcash
2019-07-05T09:27:44.000Z,912964163823181824,ixopay,https://twitter.com/ixopay,IXOPAY,https://twitter.com/ixopay/status/1147074571859890178,2020-07-11T05:45:45.944Z,https://twitter.com/Adcash
2019-07-04T12:33:08.000Z,1120677084676931584,sureyield,https://twitter.com/sureyield,sureyield,https://twitter.com/sureyield/status/1146758844124717056,2020-07-11T05:45:45.943Z,https://twitter.com/Adcash
2019-07-04T12:16:37.000Z,1101478652301197312,AstrologyPsych1,https://twitter.com/AstrologyPsych1,Astrology Psychic Affiliation,https://twitter.com/AstrologyPsych1/status/1146754685975584768,2020-07-11T05:45:45.943Z,https://twitter.com/Adcash
2019-07-04T11:50:42.000Z,1225755696,market_cube,https://twitter.com/market_cube,Market Cube,https://twitter.com/market_cube/status/1146748164784832513,2020-07-11T05:45:45.943Z,https://twitter.com/Adcash
2019-07-03T12:52:56.000Z,730676456066535424,glizecom,https://twitter.com/glizecom,Glize,https://twitter.com/glizecom/status/1146401438375055360,2020-07-11T05:45:45.944Z,https://twitter.com/Adcash
2019-06-17T10:29:02.000Z,92030224,eseoref,https://twitter.com/eseoref,Nicolas Robineau,https://twitter.com/eseoref/status/1140567019387052033,2020-07-11T05:45:45.943Z,https://twitter.com/Adcash
2019-05-10T06:26:28.000Z,3812034735,EstoniaInvest,https://twitter.com/EstoniaInvest,Invest in Estonia,https://twitter.com/EstoniaInvest/status/1126735233745690624,2020-07-11T05:45:45.943Z,https://twitter.com/Adcash
2019-05-10T05:20:57.000Z,1035943460132532224,HITSAest,https://twitter.com/HITSAest,HITSA,https://twitter.com/HITSAest/status/1126718746414833666,2020-07-11T05:45:45.944Z,https://twitter.com/Adcash
2019-05-07T15:27:26.000Z,141608200,humzagroup,https://twitter.com/humzagroup,Humza Group Ent,https://twitter.com/humzagroup/status/1125784212030750720,2020-07-11T05:45:45.944Z,https://twitter.com/Adcash
2019-05-07T15:01:21.000Z,351582196,Adcash,https://twitter.com/Adcash,Adcash,https://twitter.com/Adcash/status/1125777646254723074,2020-07-11T05:45:45.944Z,https://twitter.com/Adcash
2019-04-11T15:21:32.000Z,113900498,nitindut,https://twitter.com/nitindut,üÖ≥üÖ¥üÖæ üÖ±üÖ∞üÜÅüÖºüÖ∞üÖΩ,https://twitter.com/nitindut/status/1116360641738993666,2020-07-11T05:45:45.944Z,https://twitter.com/Adcash
2019-03-14T13:41:32.000Z,964270507,esiegler,https://twitter.com/esiegler,Eliott Siegler,https://twitter.com/esiegler/status/1106188614088704003,2020-07-11T05:45:45.944Z,https://twitter.com/Adcash
2019-03-08T11:29:14.000Z,19533043,jargonpr,https://twitter.com/jargonpr,Jargon PR,https://twitter.com/jargonpr/status/1103980994573594624,2020-07-11T05:45:45.943Z,https://twitter.com/Adcash
2019-02-28T09:09:57.000Z,748452415200985088,1oT_mobi,https://twitter.com/1oT_mobi,1oT,https://twitter.com/1oT_mobi/status/1101046837333626880,2020-07-11T05:45:45.943Z,https://twitter.com/Adcash
2019-02-26T16:34:45.000Z,19533043,jargonpr,https://twitter.com/jargonpr,Jargon PR,https://twitter.com/jargonpr/status/1100434001708236800,2020-07-11T05:45:45.943Z,https://twitter.com/Adcash
2019-02-26T15:37:29.000Z,1055378228179845120,AikolaDigitaliz,https://twitter.com/AikolaDigitaliz,julien !Digitaline!,https://twitter.com/AikolaDigitaliz/status/1100419588406288385,2020-07-11T05:45:45.944Z,https://twitter.com/Adcash
2019-02-18T15:56:30.000Z,941590146562093056,tryappmediation,https://twitter.com/tryappmediation,appmediation,https://twitter.com/tryappmediation/status/1097525272235180033,2020-07-11T05:45:45.944Z,https://twitter.com/Adcash
2019-01-23T16:01:41.000Z,941590146562093056,tryappmediation,https://twitter.com/tryappmediation,appmediation,https://twitter.com/tryappmediation/status/1088104490597789696,2020-07-11T05:45:45.943Z,https://twitter.com/Adcash
2019-01-18T13:51:08.000Z,941590146562093056,tryappmediation,https://twitter.com/tryappmediation,appmediation,https://twitter.com/tryappmediation/status/1086259696388968449,2020-07-11T05:45:45.943Z,https://twitter.com/Adcash
2019-01-15T13:46:52.000Z,941590146562093056,tryappmediation,https://twitter.com/tryappmediation,appmediation,https://twitter.com/tryappmediation/status/1085171461197914112,2020-07-11T05:45:45.944Z,https://twitter.com/Adcash
2018-11-20T21:03:03.000Z,3061841585,NativeInstitute,https://twitter.com/NativeInstitute,NativeAdInst,https://twitter.com/NativeInstitute/status/1064987510240100352,2020-07-11T05:45:45.943Z,https://twitter.com/Adcash
2018-10-18T10:42:43.000Z,941590146562093056,tryappmediation,https://twitter.com/tryappmediation,appmediation,https://twitter.com/tryappmediation/status/1052872599561228288,2020-07-11T05:45:45.944Z,https://twitter.com/Adcash
2018-10-10T14:05:42.000Z,941590146562093056,tryappmediation,https://twitter.com/tryappmediation,appmediation,https://twitter.com/tryappmediation/status/1050024575696801796,2020-07-11T05:45:45.943Z,https://twitter.com/Adcash
2018-10-09T12:38:06.000Z,1650208237,BusinessofApps,https://twitter.com/BusinessofApps,Business of Apps,https://twitter.com/BusinessofApps/status/1049640145199276032,2020-07-11T05:45:45.943Z,https://twitter.com/Adcash
2018-10-08T14:19:05.000Z,941590146562093056,tryappmediation,https://twitter.com/tryappmediation,appmediation,https://twitter.com/tryappmediation/status/1049303170751635457,2020-07-11T05:45:45.943Z,https://twitter.com/Adcash
2018-10-03T13:51:02.000Z,1875549800,bridTV,https://twitter.com/bridTV,Brid.TV,https://twitter.com/bridTV/status/1047484172170944513,2020-07-11T05:45:45.944Z,https://twitter.com/Adcash
2018-10-01T15:07:39.000Z,16922641,clareob,https://twitter.com/clareob,Clare O'Brien,https://twitter.com/clareob/status/1046778677198024705,2020-07-11T05:45:45.943Z,https://twitter.com/Adcash
2018-09-26T15:17:03.000Z,941590146562093056,tryappmediation,https://twitter.com/tryappmediation,appmediation,https://twitter.com/tryappmediation/status/1044969101716844544,2020-07-11T05:45:45.943Z,https://twitter.com/Adcash
2018-09-25T15:21:27.000Z,3812034735,EstoniaInvest,https://twitter.com/EstoniaInvest,Invest in Estonia,https://twitter.com/EstoniaInvest/status/1044607821021630464,2020-07-11T05:45:45.944Z,https://twitter.com/Adcash
2018-09-20T16:17:06.000Z,1650208237,BusinessofApps,https://twitter.com/BusinessofApps,Business of Apps,https://twitter.com/BusinessofApps/status/1042809890228584450,2020-07-11T05:45:45.944Z,https://twitter.com/Adcash
2018-09-20T13:58:58.000Z,941590146562093056,tryappmediation,https://twitter.com/tryappmediation,appmediation,https://twitter.com/tryappmediation/status/1042775125593149442,2020-07-11T05:45:45.943Z,https://twitter.com/Adcash
2018-09-19T09:34:38.000Z,941590146562093056,tryappmediation,https://twitter.com/tryappmediation,appmediation,https://twitter.com/tryappmediation/status/1042346216871354368,2020-07-11T05:45:45.944Z,https://twitter.com/Adcash
2018-09-18T07:23:17.000Z,3812034735,EstoniaInvest,https://twitter.com/EstoniaInvest,Invest in Estonia,https://twitter.com/EstoniaInvest/status/1041950773674946560,2020-07-11T05:45:45.944Z,https://twitter.com/Adcash
2018-09-14T08:18:37.000Z,64712337,bryahill,https://twitter.com/bryahill,Bryan Hill,https://twitter.com/bryahill/status/1040515148459532288,2020-07-11T05:45:45.944Z,https://twitter.com/Adcash
2018-09-14T08:17:53.000Z,538582584,160World,https://twitter.com/160World,160World,https://twitter.com/160World/status/1040514961171197952,2020-07-11T05:45:45.943Z,https://twitter.com/Adcash
2018-09-14T08:16:30.000Z,3083574879,pete_carvill,https://twitter.com/pete_carvill,Pete Carvill,https://twitter.com/pete_carvill/status/1040514615074017280,2020-07-11T05:45:45.944Z,https://twitter.com/Adcash
2018-09-14T08:02:45.000Z,6495802,tafkap,https://twitter.com/tafkap,Mark Pohlmann,https://twitter.com/tafkap/status/1040511152395091968,2020-07-11T05:45:45.944Z,https://twitter.com/Adcash
2018-09-14T08:00:17.000Z,618399896,CyrilCatel,https://twitter.com/CyrilCatel,Cyril Catel,https://twitter.com/CyrilCatel/status/1040510531159945216,2020-07-11T05:45:45.944Z,https://twitter.com/Adcash
2018-09-14T07:59:59.000Z,600090702,SilvioChiapusso,https://twitter.com/SilvioChiapusso,SilvioChiapusso,https://twitter.com/SilvioChiapusso/status/1040510458103521281,2020-07-11T05:45:45.943Z,https://twitter.com/Adcash
2018-09-14T07:56:34.000Z,613733682,jhernanper,https://twitter.com/jhernanper,Javier Hern√°ndez,https://twitter.com/jhernanper/status/1040509595733712896,2020-07-11T05:45:45.943Z,https://twitter.com/Adcash
2018-09-14T07:55:21.000Z,399423570,MOBUSICOM,https://twitter.com/MOBUSICOM,Mobusi,https://twitter.com/MOBUSICOM/status/1040509290413535232,2020-07-11T05:45:45.943Z,https://twitter.com/Adcash
2018-09-14T07:52:06.000Z,11060982,t3n,https://twitter.com/t3n,t3n Magazin,https://twitter.com/t3n/status/1040508475317596160,2020-07-11T05:45:45.943Z,https://twitter.com/Adcash
2018-09-14T07:41:56.000Z,1461613387,PavolMacinga,https://twitter.com/PavolMacinga,Pavol Maƒçinga,https://twitter.com/PavolMacinga/status/1040505916607660032,2020-07-11T05:45:45.944Z,https://twitter.com/Adcash
2018-09-14T07:38:03.000Z,1286267581,daopay,https://twitter.com/daopay,DaoPay,https://twitter.com/daopay/status/1040504936059101184,2020-07-11T05:45:45.943Z,https://twitter.com/Adcash
2018-09-14T09:10:04.000Z,40213370,SearchmetricsDE,https://twitter.com/SearchmetricsDE,Searchmetrics,https://twitter.com/SearchmetricsDE/status/1040528096443752448,2020-07-11T05:45:47.818Z,https://twitter.com/Adcash
2018-09-14T09:05:03.000Z,2912758227,VizeumGlobal,https://twitter.com/VizeumGlobal,Vizeum Global,https://twitter.com/VizeumGlobal/status/1040526831378735105,2020-07-11T05:45:47.818Z,https://twitter.com/Adcash
2018-09-14T09:03:17.000Z,67482079,analopezh,https://twitter.com/analopezh,Ana Lopez,https://twitter.com/analopezh/status/1040526389504606208,2020-07-11T05:45:47.818Z,https://twitter.com/Adcash
2018-09-14T09:00:30.000Z,732468089632120833,InflightVR,https://twitter.com/InflightVR,Inflight VR,https://twitter.com/InflightVR/status/1040525689127165953,2020-07-11T05:45:47.818Z,https://twitter.com/Adcash
2018-09-14T08:58:18.000Z,897063528,akeneopim,https://twitter.com/akeneopim,Akeneo,https://twitter.com/akeneopim/status/1040525131976790018,2020-07-11T05:45:47.818Z,https://twitter.com/Adcash
2018-09-14T08:58:13.000Z,50390569,C_Q_,https://twitter.com/C_Q_,CQ - Christina Quast,https://twitter.com/C_Q_/status/1040525112917872640,2020-07-11T05:45:47.818Z,https://twitter.com/Adcash
2018-09-14T08:58:02.000Z,1180436239,MaylisChevalier,https://twitter.com/MaylisChevalier,Maylis Chevalier,https://twitter.com/MaylisChevalier/status/1040525065098551297,2020-07-11T05:45:47.818Z,https://twitter.com/Adcash
2018-09-14T08:58:01.000Z,254591951,VideoElephant,https://twitter.com/VideoElephant,VideoElephant,https://twitter.com/VideoElephant/status/1040525060317032448,2020-07-11T05:45:47.818Z,https://twitter.com/Adcash
2018-09-14T08:54:37.000Z,2541069410,OMD_EMEA,https://twitter.com/OMD_EMEA,OMD EMEA,https://twitter.com/OMD_EMEA/status/1040524204460916736,2020-07-11T05:45:47.818Z,https://twitter.com/Adcash
2018-09-14T08:53:35.000Z,1911497286,g_rondinella,https://twitter.com/g_rondinella,Giuseppe Rondinella,https://twitter.com/g_rondinella/status/1040523947933134853,2020-07-11T05:45:47.818Z,https://twitter.com/Adcash
2018-09-14T08:52:42.000Z,321249446,Scheasars,https://twitter.com/Scheasars,Christos Schizas,https://twitter.com/Scheasars/status/1040523724322222080,2020-07-11T05:45:47.818Z,https://twitter.com/Adcash
2018-09-14T08:51:28.000Z,344869078,saharnikou,https://twitter.com/saharnikou,sahar ya≈üar ‚ö°,https://twitter.com/saharnikou/status/1040523415206199297,2020-07-11T05:45:47.818Z,https://twitter.com/Adcash
2018-09-14T08:48:07.000Z,3092277027,be_gr33n,https://twitter.com/be_gr33n,Thomas G,https://twitter.com/be_gr33n/status/1040522571635154944,2020-07-11T05:45:47.818Z,https://twitter.com/Adcash
2018-09-14T08:46:58.000Z,1180436239,MaylisChevalier,https://twitter.com/MaylisChevalier,Maylis Chevalier,https://twitter.com/MaylisChevalier/status/1040522279799726080,2020-07-11T05:45:47.818Z,https://twitter.com/Adcash
2018-09-14T08:45:00.000Z,2285143566,Circus_St,https://twitter.com/Circus_St,Circus Street,https://twitter.com/Circus_St/status/1040521785819717632,2020-07-11T05:45:47.818Z,https://twitter.com/Adcash
2018-09-14T08:42:42.000Z,94283587,365digital,https://twitter.com/365digital,365Digital,https://twitter.com/365digital/status/1040521206825447424,2020-07-11T05:45:47.818Z,https://twitter.com/Adcash
2018-09-14T08:40:14.000Z,309836260,HootsuiteDE,https://twitter.com/HootsuiteDE,HootsuiteDeutschland,https://twitter.com/HootsuiteDE/status/1040520586211090432,2020-07-11T05:45:47.818Z,https://twitter.com/Adcash
2018-09-14T08:40:00.000Z,18045145,mkdirecto,https://twitter.com/mkdirecto,MarketingDirecto.com,https://twitter.com/mkdirecto/status/1040520527360733185,2020-07-11T05:45:47.818Z,https://twitter.com/Adcash
2018-09-14T08:32:06.000Z,4360821615,KptnDigital,https://twitter.com/KptnDigital,Bastian,https://twitter.com/KptnDigital/status/1040518540103745537,2020-07-11T05:45:47.818Z,https://twitter.com/Adcash
2018-09-14T08:26:07.000Z,14943086,RalfScharnhorst,https://twitter.com/RalfScharnhorst,ralfscharnhorst,https://twitter.com/RalfScharnhorst/status/1040517035040681984,2020-07-11T05:45:47.818Z,https://twitter.com/Adcash
2018-09-13T13:53:19.000Z,872864131598209028,P7S1Group,https://twitter.com/P7S1Group,ProSiebenSat.1,https://twitter.com/P7S1Group/status/1040236989839228928,2020-07-11T05:45:47.818Z,https://twitter.com/Adcash
2018-09-13T10:28:13.000Z,181985274,OMD_Deutschland,https://twitter.com/OMD_Deutschland,OMD Deutschland,https://twitter.com/OMD_Deutschland/status/1040185374516150272,2020-07-11T05:45:47.818Z,https://twitter.com/Adcash
2018-09-13T08:31:04.000Z,15453765,vschuetz,https://twitter.com/vschuetz,Volker Sch√ºtz,https://twitter.com/vschuetz/status/1040155890165469184,2020-07-11T05:45:47.818Z,https://twitter.com/Adcash
2018-09-11T14:59:06.000Z,941590146562093056,tryappmediation,https://twitter.com/tryappmediation,appmediation,https://twitter.com/tryappmediation/status/1039528767557914625,2020-07-11T05:45:47.818Z,https://twitter.com/Adcash
2018-09-11T06:19:05.000Z,14372486,engadget,https://twitter.com/engadget,Engadget,https://twitter.com/engadget/status/1039397900139282432,2020-07-11T05:45:47.818Z,https://twitter.com/Adcash
2018-09-10T14:15:05.000Z,941590146562093056,tryappmediation,https://twitter.com/tryappmediation,appmediation,https://twitter.com/tryappmediation/status/1039155303969894401,2020-07-11T05:45:47.818Z,https://twitter.com/Adcash
2018-09-06T15:42:09.000Z,941590146562093056,tryappmediation,https://twitter.com/tryappmediation,appmediation,https://twitter.com/tryappmediation/status/1037727664042377216,2020-07-11T05:45:47.818Z,https://twitter.com/Adcash
2018-09-06T07:26:43.000Z,95004270,villigm,https://twitter.com/villigm,Markus Villig,https://twitter.com/villigm/status/1037602982030921728,2020-07-11T05:45:47.818Z,https://twitter.com/Adcash
2018-09-06T06:17:41.000Z,3812034735,EstoniaInvest,https://twitter.com/EstoniaInvest,Invest in Estonia,https://twitter.com/EstoniaInvest/status/1037585611849392129,2020-07-11T05:45:47.818Z,https://twitter.com/Adcash
2018-09-04T09:15:14.000Z,17093617,hootsuite,https://twitter.com/hootsuite,Hootsuite,https://twitter.com/hootsuite/status/1036905515945799681,2020-07-11T05:45:47.818Z,https://twitter.com/Adcash
2018-09-04T06:30:03.000Z,4898091,FinancialTimes,https://twitter.com/FinancialTimes,Financial Times,https://twitter.com/FinancialTimes/status/1036863946182086656,2020-07-11T05:45:47.818Z,https://twitter.com/Adcash
2018-09-04T06:15:10.000Z,17093617,hootsuite,https://twitter.com/hootsuite,Hootsuite,https://twitter.com/hootsuite/status/1036860202765758464,2020-07-11T05:45:47.818Z,https://twitter.com/Adcash
2018-09-04T06:00:08.000Z,22363802,WiredUK,https://twitter.com/WiredUK,WIRED UK,https://twitter.com/WiredUK/status/1036856415816753152,2020-07-11T05:45:47.817Z,https://twitter.com/Adcash
2018-09-03T21:45:21.000Z,19606246,musa,https://twitter.com/musa,Musa,https://twitter.com/musa/status/1036731903011946496,2020-07-11T05:45:47.818Z,https://twitter.com/Adcash
2018-08-31T10:17:53.000Z,3225031929,e_Residents,https://twitter.com/e_Residents,e-Residency: Estonia,https://twitter.com/e_Residents/status/1035471731895480320,2020-07-11T05:45:47.818Z,https://twitter.com/Adcash
2018-08-30T22:40:00.000Z,1344951,WIRED,https://twitter.com/WIRED,WIRED,https://twitter.com/WIRED/status/1035296102168154112,2020-07-11T05:45:47.818Z,https://twitter.com/Adcash
2018-08-30T09:05:10.000Z,17038370,dmexco,https://twitter.com/dmexco,DMEXCO,https://twitter.com/dmexco/status/1035091043757248512,2020-07-11T05:45:47.818Z,https://twitter.com/Adcash
2018-08-20T11:52:38.000Z,57046942,gamescom,https://twitter.com/gamescom,gamescom,https://twitter.com/gamescom/status/1031509309270712323,2020-07-11T05:45:47.818Z,https://twitter.com/Adcash
2018-08-15T08:05:22.000Z,57046942,gamescom,https://twitter.com/gamescom,gamescom,https://twitter.com/gamescom/status/1029640177445216256,2020-07-11T05:45:47.818Z,https://twitter.com/Adcash
2018-07-31T12:10:04.000Z,2437441334,Jobbatical,https://twitter.com/Jobbatical,Jobbatical,https://twitter.com/Jobbatical/status/1024265939800547328,2020-07-11T05:45:47.818Z,https://twitter.com/Adcash
2018-07-30T06:13:02.000Z,152640690,sikkut,https://twitter.com/sikkut,Siim Sikkut,https://twitter.com/sikkut/status/1023813699226816513,2020-07-11T05:45:47.818Z,https://twitter.com/Adcash
2018-07-29T19:26:32.000Z,12327342,affiliatesummit,https://twitter.com/affiliatesummit,Affiliate Summit,https://twitter.com/affiliatesummit/status/1023651004158496768,2020-07-11T05:45:47.818Z,https://twitter.com/Adcash
2018-07-27T14:13:38.000Z,1021085665373671424,stackedmarketer,https://twitter.com/stackedmarketer,Stacked Marketer,https://twitter.com/stackedmarketer/status/1022847484954140675,2020-07-11T05:45:47.818Z,https://twitter.com/Adcash
2018-07-19T19:49:48.000Z,3812034735,EstoniaInvest,https://twitter.com/EstoniaInvest,Invest in Estonia,https://twitter.com/EstoniaInvest/status/1020032982088912896,2020-07-11T05:45:47.818Z,https://twitter.com/Adcash
2018-07-13T18:05:04.000Z,2437441334,Jobbatical,https://twitter.com/Jobbatical,Jobbatical,https://twitter.com/Jobbatical/status/1017832296622288896,2020-07-11T05:45:47.818Z,https://twitter.com/Adcash
2018-07-13T12:21:21.000Z,959111091623288832,SCTOTECH,https://twitter.com/SCTOTECH,SCTO TECHNOLOGY,https://twitter.com/SCTOTECH/status/1017745798258413568,2020-07-11T05:45:47.818Z,https://twitter.com/Adcash
2018-06-29T07:13:03.000Z,3116795022,AWConferences,https://twitter.com/AWConferences,AFFILIATE WORLD,https://twitter.com/AWConferences/status/1012594779610386432,2020-07-11T05:45:47.818Z,https://twitter.com/Adcash
2018-06-28T08:00:10.000Z,3116795022,AWConferences,https://twitter.com/AWConferences,AFFILIATE WORLD,https://twitter.com/AWConferences/status/1012244248735961089,2020-07-11T05:45:47.818Z,https://twitter.com/Adcash
2018-06-04T21:25:23.000Z,12327342,affiliatesummit,https://twitter.com/affiliatesummit,Affiliate Summit,https://twitter.com/affiliatesummit/status/1003749581639778306,2020-07-11T05:45:47.818Z,https://twitter.com/Adcash
2018-05-30T10:28:42.000Z,3812034735,EstoniaInvest,https://twitter.com/EstoniaInvest,Invest in Estonia,https://twitter.com/EstoniaInvest/status/1001772382707703808,2020-07-11T05:45:47.818Z,https://twitter.com/Adcash
2018-05-25T09:59:26.000Z,2412882859,AdsBridge,https://twitter.com/AdsBridge,AdsBridge,https://twitter.com/AdsBridge/status/999953078798438400,2020-07-11T05:45:47.818Z,https://twitter.com/Adcash
2018-05-14T16:27:56.000Z,767320595377905664,CLICKS_biz,https://twitter.com/CLICKS_biz,Digital Marketing,https://twitter.com/CLICKS_biz/status/996064581016571909,2020-07-11T05:45:47.818Z,https://twitter.com/Adcash
2018-03-29T10:15:35.000Z,23997667,AT_Internet,https://twitter.com/AT_Internet,AT Internet,https://twitter.com/AT_Internet/status/979301032139292672,2020-07-11T05:45:47.818Z,https://twitter.com/Adcash
2018-03-01T14:32:12.000Z,912327597337579520,redtrackio,https://twitter.com/redtrackio,RedTrack,https://twitter.com/redtrackio/status/969218752637267968,2020-07-11T05:45:47.818Z,https://twitter.com/Adcash
2018-01-09T19:00:32.000Z,860085312,Chargebacks911,https://twitter.com/Chargebacks911,Chargebacks911,https://twitter.com/Chargebacks911/status/950804499781832704,2020-07-11T05:45:47.818Z,https://twitter.com/Adcash
2017-10-06T08:17:10.000Z,85282493,maksu_tolliamet,https://twitter.com/maksu_tolliamet,TaxCustomsEstonia,https://twitter.com/maksu_tolliamet/status/916215743850663936,2020-07-11T05:45:47.818Z,https://twitter.com/Adcash
2017-03-03T12:36:08.000Z,1409856470,FrancescaJoele,https://twitter.com/FrancescaJoele,Francesca Joele,https://twitter.com/FrancescaJoele/status/837642747276308480,2020-07-11T05:45:47.818Z,https://twitter.com/Adcash
2017-03-02T12:45:00.000Z,825737756890497025,agu_aarna,https://twitter.com/agu_aarna,Agu Aarna,https://twitter.com/agu_aarna/status/837282592164560896,2020-07-11T05:45:47.818Z,https://twitter.com/Adcash
2017-01-25T17:32:02.000Z,753819883,Mobideanews,https://twitter.com/Mobideanews,Mobidea,https://twitter.com/Mobideanews/status/824308862350225409,2020-07-11T05:45:47.818Z,https://twitter.com/Adcash
2016-12-13T12:23:23.000Z,351582196,Adcash,https://twitter.com/Adcash,Adcash,https://twitter.com/Adcash/status/808648510560157696,2020-07-11T05:45:47.818Z,https://twitter.com/Adcash
2016-12-05T10:45:11.000Z,351582196,Adcash,https://twitter.com/Adcash,Adcash,https://twitter.com/Adcash/status/805724694959816704,2020-07-11T05:45:47.818Z,https://twitter.com/Adcash
2016-11-30T11:49:58.000Z,1650208237,BusinessofApps,https://twitter.com/BusinessofApps,Business of Apps,https://twitter.com/BusinessofApps/status/803929059457662976,2020-07-11T05:45:47.817Z,https://twitter.com/Adcash
2016-11-28T12:30:31.000Z,1650208237,BusinessofApps,https://twitter.com/BusinessofApps,Business of Apps,https://twitter.com/BusinessofApps/status/803214488686260224,2020-07-11T05:45:47.818Z,https://twitter.com/Adcash
2016-11-22T17:05:13.000Z,2188815967,G2CrowdReviews,https://twitter.com/G2CrowdReviews,G2 Crowd Reviews,https://twitter.com/G2CrowdReviews/status/801109292816269312,2020-07-11T05:45:47.818Z,https://twitter.com/Adcash
2016-11-16T14:59:41.000Z,1650208237,BusinessofApps,https://twitter.com/BusinessofApps,Business of Apps,https://twitter.com/BusinessofApps/status/798903370723586048,2020-07-11T05:45:47.818Z,https://twitter.com/Adcash
2016-11-10T07:47:10.000Z,525795732,YimirGC,https://twitter.com/YimirGC,Yimir Gil Cer√≥n,https://twitter.com/YimirGC/status/796620198526717954,2020-07-11T05:45:47.818Z,https://twitter.com/Adcash
2016-06-07T16:07:49.000Z,78362145,AnaeleD,https://twitter.com/AnaeleD,Ana√´le,https://twitter.com/AnaeleD/status/740213686040690688,2020-07-11T05:45:47.818Z,https://twitter.com/Adcash
2016-06-07T15:36:33.000Z,467413741,RobinGauvreau,https://twitter.com/RobinGauvreau,Robin Gauvreau,https://twitter.com/RobinGauvreau/status/740205817727746048,2020-07-11T05:45:47.818Z,https://twitter.com/Adcash
2016-05-31T21:43:49.000Z,1272828978,boltapp,https://twitter.com/boltapp,Bolt,https://twitter.com/boltapp/status/737761525935570947,2020-07-11T05:45:47.817Z,https://twitter.com/Adcash
2016-05-26T15:59:50.000Z,14559880,andreaskaju,https://twitter.com/andreaskaju,Andreas Kaju,https://twitter.com/andreaskaju/status/735863019406786560,2020-07-11T05:45:47.818Z,https://twitter.com/Adcash
2016-05-26T09:38:19.000Z,19918221,PerformanceIN,https://twitter.com/PerformanceIN,PerformanceIN,https://twitter.com/PerformanceIN/status/735767007069511680,2020-07-11T05:45:47.818Z,https://twitter.com/Adcash
2016-05-25T14:59:06.000Z,555806189,Latitude59,https://twitter.com/Latitude59,Latitude59,https://twitter.com/Latitude59/status/735485348961214465,2020-07-11T05:45:47.818Z,https://twitter.com/Adcash
2016-05-24T09:52:11.000Z,83372185,mobyaffiliates,https://twitter.com/mobyaffiliates,Mobile Ad News,https://twitter.com/mobyaffiliates/status/735045721548849152,2020-07-11T05:45:47.818Z,https://twitter.com/Adcash
2016-05-18T12:09:06.000Z,83372185,mobyaffiliates,https://twitter.com/mobyaffiliates,Mobile Ad News,https://twitter.com/mobyaffiliates/status/732905852139606016,2020-07-11T05:45:47.817Z,https://twitter.com/Adcash
2016-05-18T09:20:06.000Z,351582196,Adcash,https://twitter.com/Adcash,Adcash,https://twitter.com/Adcash/status/732863322647896064,2020-07-11T05:45:47.818Z,https://twitter.com/Adcash
2016-05-12T14:35:08.000Z,83372185,mobyaffiliates,https://twitter.com/mobyaffiliates,Mobile Ad News,https://twitter.com/mobyaffiliates/status/730768275907465216,2020-07-11T05:45:47.818Z,https://twitter.com/Adcash
2016-05-10T13:27:08.000Z,2354284506,NLappdeveloper,https://twitter.com/NLappdeveloper,Jan Orsula,https://twitter.com/NLappdeveloper/status/730026388137385984,2020-07-11T05:45:47.818Z,https://twitter.com/Adcash
2016-05-04T22:15:37.000Z,2974328109,mobintouch,https://twitter.com/mobintouch,Mobintouch,https://twitter.com/mobintouch/status/727985057466560512,2020-07-11T05:45:47.818Z,https://twitter.com/Adcash
2016-03-18T10:24:38.000Z,83372185,mobyaffiliates,https://twitter.com/mobyaffiliates,Mobile Ad News,https://twitter.com/mobyaffiliates/status/710773900494381056,2020-07-11T05:45:47.818Z,https://twitter.com/Adcash
2016-03-16T10:36:11.000Z,2782234860,AllAdsNetwork,https://twitter.com/AllAdsNetwork,AllAdsNetwork,https://twitter.com/AllAdsNetwork/status/710052031659008001,2020-07-11T05:45:47.818Z,https://twitter.com/Adcash
2016-03-14T15:10:13.000Z,83372185,mobyaffiliates,https://twitter.com/mobyaffiliates,Mobile Ad News,https://twitter.com/mobyaffiliates/status/709396221593571328,2020-07-11T05:45:47.818Z,https://twitter.com/Adcash
2016-03-09T16:30:07.000Z,422049167,TaaviRoivas,https://twitter.com/TaaviRoivas,Taavi R√µivas,https://twitter.com/TaaviRoivas/status/707604389855420417,2020-07-11T05:45:47.818Z,https://twitter.com/Adcash
2016-03-09T16:28:42.000Z,422049167,TaaviRoivas,https://twitter.com/TaaviRoivas,Taavi R√µivas,https://twitter.com/TaaviRoivas/status/707604030252564480,2020-07-11T05:45:47.817Z,https://twitter.com/Adcash
2016-03-09T16:18:45.000Z,41104145,StenbockiMaja,https://twitter.com/StenbockiMaja,Valitsuse uudised,https://twitter.com/StenbockiMaja/status/707601528459288576,2020-07-11T05:45:47.818Z,https://twitter.com/Adcash
2016-03-01T14:38:36.000Z,3392152420,prototron_,https://twitter.com/prototron_,Prototron fund,https://twitter.com/prototron_/status/704677221085155329,2020-07-11T05:45:47.818Z,https://twitter.com/Adcash
2016-02-18T13:07:47.000Z,328638472,WomensPowerBook,https://twitter.com/WomensPowerBook,'Women's Power' Book,https://twitter.com/WomensPowerBook/status/700305710916202497,2020-07-11T05:45:47.818Z,https://twitter.com/Adcash
2016-02-15T10:06:05.000Z,4209683242,igpublishers,https://twitter.com/igpublishers,Indie Game Publishers,https://twitter.com/igpublishers/status/699172823089225728,2020-07-11T05:45:47.818Z,https://twitter.com/Adcash
2016-02-10T17:07:09.000Z,306971675,damien_mosteiro,https://twitter.com/damien_mosteiro,Damien Mosteiro,https://twitter.com/damien_mosteiro/status/697466849773166592,2020-07-11T05:45:47.818Z,https://twitter.com/Adcash
2015-11-27T12:28:29.000Z,190626981,StackDevJobs,https://twitter.com/StackDevJobs,Stack Overflow Jobs,https://twitter.com/StackDevJobs/status/670217628443635712,2020-07-11T05:45:47.818Z,https://twitter.com/Adcash
2015-11-04T07:16:42.000Z,3812034735,EstoniaInvest,https://twitter.com/EstoniaInvest,Invest in Estonia,https://twitter.com/EstoniaInvest/status/661804247261032448,2020-07-11T05:45:47.818Z,https://twitter.com/Adcash
2015-11-03T10:49:30.000Z,486950917,BeaWorldFest,https://twitter.com/BeaWorldFest,Bea World Festival,https://twitter.com/BeaWorldFest/status/661495411316817920,2020-07-11T05:45:47.818Z,https://twitter.com/Adcash
2015-10-09T05:33:57.000Z,3812034735,EstoniaInvest,https://twitter.com/EstoniaInvest,Invest in Estonia,https://twitter.com/EstoniaInvest/status/652356302878998528,2020-07-11T05:45:47.818Z,https://twitter.com/Adcash
2015-08-09T12:57:00.000Z,2534995142,Trackingdesk,https://twitter.com/Trackingdesk,TrackingDesk,https://twitter.com/Trackingdesk/status/630362139291709440,2020-07-11T05:45:47.818Z,https://twitter.com/Adcash
2015-07-29T15:09:17.000Z,3212453295,JobFluent,https://twitter.com/JobFluent,JobFluent,https://twitter.com/JobFluent/status/626409163783077888,2020-07-11T05:45:47.818Z,https://twitter.com/Adcash
2015-07-28T17:20:21.000Z,3212453295,JobFluent,https://twitter.com/JobFluent,JobFluent,https://twitter.com/JobFluent/status/626079761429827584,2020-07-11T05:45:47.818Z,https://twitter.com/Adcash
2015-07-28T17:16:28.000Z,3212453295,JobFluent,https://twitter.com/JobFluent,JobFluent,https://twitter.com/JobFluent/status/626078782802259973,2020-07-11T05:45:47.818Z,https://twitter.com/Adcash
2015-07-06T06:31:48.000Z,2836859779,cofoundermag,https://twitter.com/cofoundermag,CoFounder Magazine,https://twitter.com/cofoundermag/status/617944016135528448,2020-07-11T05:45:47.817Z,https://twitter.com/Adcash
2015-06-17T09:15:46.000Z,2836859779,cofoundermag,https://twitter.com/cofoundermag,CoFounder Magazine,https://twitter.com/cofoundermag/status/611099909505335296,2020-07-11T05:45:47.818Z,https://twitter.com/Adcash
2015-04-28T13:52:37.000Z,2724589206,blitzgracia,https://twitter.com/blitzgracia,Blitz Gr√†cia,https://twitter.com/blitzgracia/status/593050188006223872,2020-07-11T05:45:47.818Z,https://twitter.com/Adcash
2015-04-24T17:12:57.000Z,3046975208,Cancepto,https://twitter.com/Cancepto,Cancepto,https://twitter.com/Cancepto/status/591651052144889857,2020-07-11T05:45:47.818Z,https://twitter.com/Adcash
2015-04-15T07:39:26.000Z,473235312,StartupWiseGuys,https://twitter.com/StartupWiseGuys,Startup Wise Guys,https://twitter.com/StartupWiseGuys/status/588245228345290752,2020-07-11T05:45:47.818Z,https://twitter.com/Adcash